name,file,name_status,localizedName_status,commonNames_status,url_status,isApproved_status,tolerance_status,crossTolerances_status,addictionPotential_status,toxicities_status,categories_status,summary_status,effectsSummary_status,dosageRemark_status,generalRisks_status,longtermRisks_status,saferUse_status,interactions_status,roas_status,metabolism_status,metabolismSources_status,oralReleaseForms_status,zh_cn_overlay,zh_cn_localizedName,zh_tw_overlay,zh_tw_localizedName,tolerance_unmodeled_fields,review_candidate_fields
"1,3-Butanediol","app/src/main/assets/substances/root/1,3-Butanediol.json",present,missing,present,present,present,missing,missing,missing,missing,present,missing,missing,missing,missing,missing,missing,missing,present,missing,missing,missing,present,localized,present,localized,,toxicities;interactions;summary;saferUse;metabolism
"1,4-Butanediol","app/src/main/assets/substances/root/1,4-Butanediol.json",present,missing,present,present,present,present,empty,present,present,present,present,missing,missing,missing,missing,missing,present,present,missing,missing,missing,present,localized,present,localized,zeroToleranceInHours,saferUse;metabolism
1B-LSD,app/src/main/assets/substances/root/1B-LSD.json,present,missing,present,present,present,present,present,present,present,present,present,missing,missing,missing,missing,missing,present,present,missing,missing,missing,present,same-as-name,present,same-as-name,halfToleranceInHours;zeroToleranceInHours,saferUse;metabolism
1cP-AL-LAD,app/src/main/assets/substances/root/1cP-AL-LAD.json,present,missing,present,present,present,present,present,present,present,present,missing,missing,missing,missing,missing,missing,present,present,missing,missing,missing,present,same-as-name,present,same-as-name,halfToleranceInHours;zeroToleranceInHours,summary;saferUse;metabolism
1cP-LSD,app/src/main/assets/substances/root/1cP-LSD.json,present,missing,present,present,present,present,present,present,empty,present,missing,missing,missing,missing,missing,missing,present,present,missing,missing,missing,present,same-as-name,present,same-as-name,halfToleranceInHours;zeroToleranceInHours,toxicities;summary;saferUse;metabolism
1cP-MiPLA,app/src/main/assets/substances/root/1cP-MiPLA.json,present,missing,present,present,present,present,present,present,present,present,missing,missing,missing,missing,missing,missing,present,present,missing,missing,missing,present,same-as-name,present,same-as-name,halfToleranceInHours;zeroToleranceInHours,summary;saferUse;metabolism
1P-ETH-LAD,app/src/main/assets/substances/root/1P-ETH-LAD.json,present,missing,present,present,present,present,present,present,present,present,present,missing,missing,missing,missing,missing,present,present,missing,missing,missing,present,same-as-name,present,same-as-name,halfToleranceInHours;zeroToleranceInHours,saferUse;metabolism
1P-LSD,app/src/main/assets/substances/root/1P-LSD.json,present,missing,present,present,present,present,present,present,present,present,present,missing,missing,missing,missing,missing,present,present,missing,missing,missing,present,same-as-name,present,same-as-name,halfToleranceInHours;zeroToleranceInHours,saferUse;metabolism
1V-LSD,app/src/main/assets/substances/root/1V-LSD.json,present,missing,present,present,present,present,present,present,present,present,missing,missing,missing,missing,missing,missing,present,present,missing,missing,missing,present,same-as-name,present,same-as-name,halfToleranceInHours;zeroToleranceInHours,summary;saferUse;metabolism
1’-Ethyl-HHC,app/src/main/assets/substances/root/1’-Ethyl-HHC.json,present,missing,missing,present,present,missing,missing,missing,missing,present,missing,missing,missing,missing,missing,missing,missing,missing,missing,missing,missing,present,localized,present,localized,,roas;toxicities;interactions;summary;saferUse;metabolism
"2,5-DMA","app/src/main/assets/substances/root/2,5-DMA.json",present,missing,present,present,present,present,present,present,present,present,missing,missing,missing,missing,missing,missing,present,present,missing,missing,missing,present,localized,present,localized,halfToleranceInHours;zeroToleranceInHours,summary;saferUse;metabolism
2-Allyl-delta-8-THC-methylcarbonate,app/src/main/assets/substances/root/2-Allyl-delta-8-THC-methylcarbonate.json,present,missing,missing,present,present,missing,missing,missing,missing,present,missing,missing,missing,missing,missing,missing,missing,missing,missing,missing,missing,present,localized,present,localized,,roas;toxicities;interactions;summary;saferUse;metabolism
2-Allyl-delta-8-THC-O-acetate,app/src/main/assets/substances/root/2-Allyl-delta-8-THC-O-acetate.json,present,missing,missing,present,present,missing,missing,missing,missing,present,missing,missing,missing,missing,missing,missing,missing,missing,missing,missing,missing,present,localized,present,localized,,roas;toxicities;interactions;summary;saferUse;metabolism
2-Allyl-delta-8-THC,app/src/main/assets/substances/root/2-Allyl-delta-8-THC.json,present,missing,missing,present,present,missing,missing,missing,missing,present,missing,missing,missing,missing,missing,missing,missing,missing,missing,missing,missing,present,localized,present,localized,,roas;toxicities;interactions;summary;saferUse;metabolism
2-Allyl-delta-9-THC,app/src/main/assets/substances/root/2-Allyl-delta-9-THC.json,present,missing,missing,present,present,missing,missing,missing,missing,present,missing,missing,missing,missing,missing,missing,missing,missing,missing,missing,missing,present,localized,present,localized,,roas;toxicities;interactions;summary;saferUse;metabolism
2-Aminoindane,app/src/main/assets/substances/root/2-Aminoindane.json,present,missing,present,present,present,present,present,present,present,present,missing,missing,missing,missing,missing,missing,present,present,missing,missing,missing,present,localized,present,localized,halfToleranceInHours;zeroToleranceInHours,summary;saferUse;metabolism
2-Br-HHC-O-acetate,app/src/main/assets/substances/root/2-Br-HHC-O-acetate.json,present,missing,missing,present,present,missing,missing,missing,missing,present,missing,missing,missing,missing,missing,missing,missing,missing,missing,missing,missing,present,localized,present,localized,,roas;toxicities;interactions;summary;saferUse;metabolism
2-Chloroephenidine,app/src/main/assets/substances/root/2-Chloroephenidine.json,present,missing,present,present,present,missing,missing,missing,missing,present,missing,missing,missing,missing,missing,missing,missing,missing,present,missing,missing,present,localized,present,localized,,roas;toxicities;interactions;summary;saferUse
2-FA,app/src/main/assets/substances/root/2-FA.json,present,missing,present,present,present,present,present,present,present,present,present,missing,missing,missing,missing,missing,present,present,missing,missing,missing,present,localized,present,same-as-name,halfToleranceInHours;zeroToleranceInHours,saferUse;metabolism
2-FEA,app/src/main/assets/substances/root/2-FEA.json,present,missing,present,present,present,present,present,present,present,present,present,missing,missing,missing,missing,missing,present,present,missing,missing,missing,present,localized,present,same-as-name,halfToleranceInHours;zeroToleranceInHours,saferUse;metabolism
2-Fluorodeschloroketamine,app/src/main/assets/substances/root/2-Fluorodeschloroketamine.json,present,missing,present,present,present,present,present,present,present,present,missing,missing,missing,missing,missing,missing,present,present,missing,missing,missing,present,localized,present,localized,halfToleranceInHours;zeroToleranceInHours,summary;saferUse;metabolism
2-FMA,app/src/main/assets/substances/root/2-FMA.json,present,missing,present,present,present,present,present,present,present,present,present,missing,missing,missing,missing,missing,present,present,missing,missing,missing,present,same-as-name,present,same-as-name,halfToleranceInHours;zeroToleranceInHours,saferUse;metabolism
2-Formyl-delta-9-THCP,app/src/main/assets/substances/root/2-Formyl-delta-9-THCP.json,present,missing,missing,present,present,missing,missing,missing,missing,present,missing,missing,missing,missing,missing,missing,missing,missing,missing,missing,missing,missing,no-overlay,missing,no-overlay,,roas;toxicities;interactions;summary;saferUse;metabolism
2-MA,app/src/main/assets/substances/root/2-MA.json,present,missing,present,present,present,missing,missing,missing,missing,present,missing,missing,missing,missing,missing,missing,missing,missing,missing,missing,missing,missing,no-overlay,missing,no-overlay,,roas;toxicities;interactions;summary;saferUse;metabolism
2-Me-DMT,app/src/main/assets/substances/root/2-Me-DMT.json,present,missing,missing,present,present,missing,missing,missing,missing,present,missing,missing,missing,missing,missing,missing,missing,missing,present,missing,missing,present,localized,present,localized,,roas;toxicities;interactions;summary;saferUse
2-MEC,app/src/main/assets/substances/root/2-MEC.json,present,missing,missing,present,present,missing,missing,missing,missing,present,missing,missing,missing,missing,missing,missing,missing,missing,present,missing,missing,present,missing,present,missing,,roas;toxicities;interactions;summary;saferUse
2-MMC,app/src/main/assets/substances/root/2-MMC.json,present,missing,missing,present,present,missing,missing,missing,missing,present,missing,missing,missing,missing,missing,missing,missing,missing,present,missing,missing,present,localized,present,localized,,roas;toxicities;interactions;summary;saferUse
2-MPPP,app/src/main/assets/substances/root/2-MPPP.json,present,missing,present,present,present,missing,missing,missing,missing,present,missing,missing,missing,missing,missing,missing,missing,missing,present,missing,missing,present,missing,present,missing,,roas;toxicities;interactions;summary;saferUse
2-PA,app/src/main/assets/substances/root/2-PA.json,present,missing,present,present,present,missing,missing,missing,missing,present,missing,missing,missing,missing,missing,missing,missing,missing,present,missing,missing,present,missing,present,missing,,roas;toxicities;interactions;summary;saferUse
2-PTA,app/src/main/assets/substances/root/2-PTA.json,present,missing,present,present,present,missing,missing,missing,missing,present,missing,missing,missing,missing,missing,missing,missing,missing,present,missing,missing,present,missing,present,missing,,roas;toxicities;interactions;summary;saferUse
25B-NBOH,app/src/main/assets/substances/root/25B-NBOH.json,present,missing,present,present,present,present,present,present,present,present,missing,missing,missing,missing,missing,missing,present,missing,present,missing,missing,present,missing,present,missing,,roas;summary;saferUse
25B-NBOMe,app/src/main/assets/substances/root/25B-NBOMe.json,present,missing,present,present,present,present,present,present,present,present,present,missing,missing,missing,missing,missing,present,present,missing,missing,missing,present,same-as-name,present,same-as-name,halfToleranceInHours;zeroToleranceInHours,saferUse;metabolism
25C-NBOH,app/src/main/assets/substances/root/25C-NBOH.json,present,missing,present,present,present,present,present,present,present,present,present,missing,missing,missing,missing,missing,present,present,missing,missing,missing,present,same-as-name,present,same-as-name,halfToleranceInHours;zeroToleranceInHours,saferUse;metabolism
25C-NBOMe,app/src/main/assets/substances/root/25C-NBOMe.json,present,missing,present,present,present,present,present,present,present,present,present,missing,missing,missing,missing,missing,present,present,missing,missing,missing,present,same-as-name,present,same-as-name,halfToleranceInHours;zeroToleranceInHours,saferUse;metabolism
25D-NBOMe,app/src/main/assets/substances/root/25D-NBOMe.json,present,missing,present,present,present,missing,present,missing,empty,present,present,missing,missing,missing,missing,missing,present,present,missing,missing,missing,present,same-as-name,present,same-as-name,,toxicities;saferUse;metabolism
25E-NBOH,app/src/main/assets/substances/root/25E-NBOH.json,present,missing,present,present,present,missing,empty,missing,empty,present,missing,missing,missing,missing,missing,missing,missing,present,missing,missing,missing,present,same-as-name,present,same-as-name,,toxicities;interactions;summary;saferUse;metabolism
25E-NBOMe,app/src/main/assets/substances/root/25E-NBOMe.json,present,missing,present,present,present,missing,missing,missing,missing,present,missing,missing,missing,missing,missing,missing,missing,missing,present,missing,missing,present,missing,present,missing,,roas;toxicities;interactions;summary;saferUse
25G-NBOMe,app/src/main/assets/substances/root/25G-NBOMe.json,present,missing,present,present,present,missing,missing,missing,missing,present,missing,missing,missing,missing,missing,missing,missing,missing,present,missing,missing,present,missing,present,missing,,roas;toxicities;interactions;summary;saferUse
25H-NBOMe,app/src/main/assets/substances/root/25H-NBOMe.json,present,missing,present,present,present,missing,missing,missing,missing,present,missing,missing,missing,missing,missing,missing,missing,missing,present,missing,missing,present,missing,present,missing,,roas;toxicities;interactions;summary;saferUse
25I-NBF,app/src/main/assets/substances/root/25I-NBF.json,present,missing,missing,present,present,missing,missing,missing,missing,present,missing,missing,missing,missing,missing,missing,missing,missing,present,missing,missing,present,missing,present,missing,,roas;toxicities;interactions;summary;saferUse
25I-NBMD,app/src/main/assets/substances/root/25I-NBMD.json,present,missing,missing,present,present,missing,missing,missing,missing,present,missing,missing,missing,missing,missing,missing,missing,missing,present,missing,missing,present,missing,present,missing,,roas;toxicities;interactions;summary;saferUse
25I-NBOH,app/src/main/assets/substances/root/25I-NBOH.json,present,missing,present,present,present,present,present,present,present,present,present,missing,missing,missing,missing,missing,present,present,missing,missing,missing,present,same-as-name,present,same-as-name,halfToleranceInHours;zeroToleranceInHours,saferUse;metabolism
25I-NBOMe,app/src/main/assets/substances/root/25I-NBOMe.json,present,missing,present,present,present,present,present,present,present,present,present,missing,missing,missing,missing,missing,present,present,missing,missing,missing,present,same-as-name,present,same-as-name,halfToleranceInHours;zeroToleranceInHours,saferUse;metabolism
25iP-NBOMe,app/src/main/assets/substances/root/25iP-NBOMe.json,present,missing,present,present,present,missing,missing,missing,missing,present,missing,missing,missing,missing,missing,missing,missing,missing,present,missing,missing,present,missing,present,missing,,roas;toxicities;interactions;summary;saferUse
25N-NBOMe,app/src/main/assets/substances/root/25N-NBOMe.json,present,missing,present,present,present,present,present,present,present,present,present,missing,missing,missing,missing,missing,present,present,missing,missing,missing,present,same-as-name,present,same-as-name,halfToleranceInHours;zeroToleranceInHours,saferUse;metabolism
25P-NBOMe,app/src/main/assets/substances/root/25P-NBOMe.json,present,missing,missing,present,present,missing,missing,missing,missing,present,missing,missing,missing,missing,missing,missing,missing,missing,present,missing,missing,present,missing,present,missing,,roas;toxicities;interactions;summary;saferUse
25T-2-NBOMe,app/src/main/assets/substances/root/25T-2-NBOMe.json,present,missing,present,present,present,missing,missing,missing,missing,present,missing,missing,missing,missing,missing,missing,missing,missing,present,missing,missing,present,missing,present,missing,,roas;toxicities;interactions;summary;saferUse
25T-4-NBOMe,app/src/main/assets/substances/root/25T-4-NBOMe.json,present,missing,present,present,present,missing,missing,missing,missing,present,missing,missing,missing,missing,missing,missing,missing,missing,present,missing,missing,present,missing,present,missing,,roas;toxicities;interactions;summary;saferUse
2C-B-AN,app/src/main/assets/substances/root/2C-B-AN.json,present,missing,missing,present,present,missing,missing,missing,missing,present,missing,missing,missing,missing,missing,missing,missing,missing,present,missing,missing,present,missing,present,missing,,roas;toxicities;interactions;summary;saferUse
2C-B-FLY-NBOMe,app/src/main/assets/substances/root/2C-B-FLY-NBOMe.json,present,missing,present,present,present,missing,missing,missing,missing,present,missing,missing,missing,missing,missing,missing,missing,missing,present,missing,missing,present,missing,present,missing,,roas;toxicities;interactions;summary;saferUse
2C-B-FLY,app/src/main/assets/substances/root/2C-B-FLY.json,present,missing,present,present,present,present,present,present,present,present,present,missing,missing,missing,missing,missing,present,present,missing,missing,missing,present,same-as-name,present,same-as-name,halfToleranceInHours;zeroToleranceInHours,saferUse;metabolism
2C-B,app/src/main/assets/substances/root/2C-B.json,present,missing,present,present,present,missing,empty,present,present,present,present,present,present,present,present,present,present,present,missing,missing,missing,present,same-as-name,present,same-as-name,,metabolism
2C-C,app/src/main/assets/substances/root/2C-C.json,present,missing,present,present,present,missing,empty,present,present,present,present,missing,missing,missing,missing,missing,present,present,missing,missing,missing,present,same-as-name,present,same-as-name,,saferUse;metabolism
2C-D,app/src/main/assets/substances/root/2C-D.json,present,missing,present,present,present,present,present,present,present,present,present,missing,missing,missing,missing,missing,present,present,missing,missing,missing,present,same-as-name,present,same-as-name,halfToleranceInHours;zeroToleranceInHours,saferUse;metabolism
2C-E,app/src/main/assets/substances/root/2C-E.json,present,missing,present,present,present,missing,present,present,present,present,present,missing,missing,missing,missing,missing,present,present,missing,missing,missing,present,same-as-name,present,same-as-name,,saferUse;metabolism
2C-EF,app/src/main/assets/substances/root/2C-EF.json,present,missing,missing,present,present,missing,missing,missing,missing,present,missing,missing,missing,missing,missing,missing,missing,missing,missing,missing,missing,present,localized,present,localized,,roas;toxicities;interactions;summary;saferUse;metabolism
2C-G-5,app/src/main/assets/substances/root/2C-G-5.json,present,missing,present,present,present,missing,missing,missing,missing,present,missing,missing,missing,missing,missing,missing,missing,missing,present,missing,missing,present,missing,present,missing,,roas;toxicities;interactions;summary;saferUse
2C-G,app/src/main/assets/substances/root/2C-G.json,present,missing,present,present,present,missing,missing,missing,missing,present,missing,missing,missing,missing,missing,missing,missing,missing,present,missing,missing,present,missing,present,missing,,roas;toxicities;interactions;summary;saferUse
2C-H,app/src/main/assets/substances/root/2C-H.json,present,missing,present,present,present,present,present,present,present,present,missing,missing,missing,missing,missing,missing,present,missing,missing,missing,missing,present,localized,present,localized,,roas;summary;saferUse;metabolism
2C-I,app/src/main/assets/substances/root/2C-I.json,present,missing,present,present,present,present,present,present,present,present,present,present,present,present,present,present,present,present,missing,missing,missing,present,same-as-name,present,same-as-name,halfToleranceInHours;zeroToleranceInHours,metabolism
2C-IP,app/src/main/assets/substances/root/2C-IP.json,present,missing,missing,present,present,missing,missing,missing,missing,present,missing,missing,missing,missing,missing,missing,missing,missing,present,missing,missing,present,missing,present,missing,,roas;toxicities;interactions;summary;saferUse
2C-N,app/src/main/assets/substances/root/2C-N.json,present,missing,present,present,present,missing,missing,missing,missing,present,missing,missing,missing,missing,missing,missing,missing,missing,present,missing,missing,present,missing,present,missing,,roas;toxicities;interactions;summary;saferUse
2C-P,app/src/main/assets/substances/root/2C-P.json,present,missing,present,present,present,present,present,present,present,present,present,missing,missing,missing,missing,missing,present,present,missing,missing,missing,present,same-as-name,present,same-as-name,halfToleranceInHours;zeroToleranceInHours,saferUse;metabolism
2C-T-2,app/src/main/assets/substances/root/2C-T-2.json,present,missing,present,present,present,present,present,present,present,present,present,missing,missing,missing,missing,missing,missing,present,missing,missing,missing,present,same-as-name,present,same-as-name,halfToleranceInHours;zeroToleranceInHours,interactions;saferUse;metabolism
2C-T-21,app/src/main/assets/substances/root/2C-T-21.json,present,missing,present,present,present,present,present,present,empty,present,present,missing,missing,missing,missing,missing,missing,present,missing,missing,missing,present,same-as-name,present,same-as-name,halfToleranceInHours;zeroToleranceInHours,toxicities;interactions;saferUse;metabolism
2C-T-4,app/src/main/assets/substances/root/2C-T-4.json,present,missing,present,present,present,missing,missing,missing,missing,present,missing,missing,missing,missing,missing,missing,missing,missing,present,missing,missing,present,missing,present,missing,,roas;toxicities;interactions;summary;saferUse
2C-T-7,app/src/main/assets/substances/root/2C-T-7.json,present,missing,present,present,present,present,present,present,empty,present,present,missing,missing,missing,missing,missing,missing,present,missing,missing,missing,present,same-as-name,present,same-as-name,halfToleranceInHours;zeroToleranceInHours,toxicities;interactions;saferUse;metabolism
2C-T,app/src/main/assets/substances/root/2C-T.json,present,missing,present,present,present,present,present,present,present,present,present,missing,missing,missing,missing,missing,missing,present,missing,missing,missing,present,same-as-name,present,same-as-name,halfToleranceInHours;zeroToleranceInHours,interactions;saferUse;metabolism
2M2B,app/src/main/assets/substances/root/2M2B.json,present,missing,present,present,present,present,present,present,present,present,missing,missing,missing,missing,missing,missing,present,present,missing,missing,missing,present,same-as-name,present,same-as-name,halfToleranceInHours;zeroToleranceInHours,summary;saferUse;metabolism
"3,4-CTMP","app/src/main/assets/substances/root/3,4-CTMP.json",present,missing,present,present,present,missing,empty,missing,empty,present,present,missing,missing,missing,missing,missing,present,present,missing,missing,missing,present,same-as-name,present,same-as-name,,toxicities;saferUse;metabolism
"3,4-EtMC","app/src/main/assets/substances/root/3,4-EtMC.json",present,missing,missing,present,present,missing,missing,missing,missing,present,missing,missing,missing,missing,missing,missing,missing,missing,missing,missing,missing,missing,no-overlay,missing,no-overlay,,roas;toxicities;interactions;summary;saferUse;metabolism
"3,6-DMPM","app/src/main/assets/substances/root/3,6-DMPM.json",present,missing,missing,present,present,missing,missing,missing,missing,present,missing,missing,missing,missing,missing,missing,missing,missing,present,missing,missing,present,missing,present,missing,,roas;toxicities;interactions;summary;saferUse
3-Cl-PCP,app/src/main/assets/substances/root/3-Cl-PCP.json,present,missing,present,present,present,present,present,present,present,present,missing,missing,missing,missing,missing,missing,"partial-missing:unsafe,uncertain",missing,present,missing,missing,present,localized,present,localized,,roas;interactions;summary;saferUse
3-CMC,app/src/main/assets/substances/root/3-CMC.json,present,missing,present,present,present,missing,missing,missing,missing,present,missing,missing,missing,missing,missing,missing,missing,missing,present,present,missing,present,localized,present,localized,,roas;toxicities;interactions;summary;saferUse
3-FA,app/src/main/assets/substances/root/3-FA.json,present,missing,present,present,present,present,present,present,present,present,present,missing,missing,missing,missing,missing,present,present,missing,missing,missing,present,same-as-name,present,same-as-name,halfToleranceInHours;zeroToleranceInHours,saferUse;metabolism
3-FEA,app/src/main/assets/substances/root/3-FEA.json,present,missing,present,present,present,present,present,present,present,present,present,missing,missing,missing,missing,missing,present,present,missing,missing,missing,present,same-as-name,present,same-as-name,halfToleranceInHours;zeroToleranceInHours,saferUse;metabolism
3-FMA,app/src/main/assets/substances/root/3-FMA.json,present,missing,present,present,present,present,present,present,present,present,present,missing,missing,missing,missing,missing,present,present,missing,missing,missing,present,same-as-name,present,same-as-name,halfToleranceInHours;zeroToleranceInHours,saferUse;metabolism
3-FMC,app/src/main/assets/substances/root/3-FMC.json,present,missing,missing,present,present,missing,missing,missing,missing,present,missing,missing,missing,missing,missing,missing,missing,missing,present,missing,missing,present,missing,present,missing,,roas;toxicities;interactions;summary;saferUse
3-FPM,app/src/main/assets/substances/root/3-FPM.json,present,missing,present,present,present,present,present,present,present,present,present,missing,missing,missing,missing,missing,present,present,missing,missing,missing,present,same-as-name,present,same-as-name,halfToleranceInHours;zeroToleranceInHours,saferUse;metabolism
3-HO-PCE,app/src/main/assets/substances/root/3-HO-PCE.json,present,missing,present,present,present,present,present,present,present,present,present,missing,missing,missing,missing,missing,present,present,missing,missing,missing,present,same-as-name,present,same-as-name,halfToleranceInHours;zeroToleranceInHours,saferUse;metabolism
3-HO-PCP,app/src/main/assets/substances/root/3-HO-PCP.json,present,missing,present,present,present,present,present,present,present,present,present,missing,missing,missing,missing,missing,present,present,missing,missing,missing,present,localized,present,same-as-name,halfToleranceInHours;zeroToleranceInHours,saferUse;metabolism
3-Me-PCP,app/src/main/assets/substances/root/3-Me-PCP.json,present,missing,missing,present,present,missing,missing,missing,missing,present,missing,missing,missing,missing,missing,missing,missing,missing,missing,missing,missing,present,localized,present,localized,,roas;toxicities;interactions;summary;saferUse;metabolism
3-Me-PCPy,app/src/main/assets/substances/root/3-Me-PCPy.json,present,missing,present,present,present,present,present,present,present,present,present,present,present,present,present,present,present,present,missing,missing,missing,present,same-as-name,present,same-as-name,halfToleranceInHours;zeroToleranceInHours,metabolism
3-MEC,app/src/main/assets/substances/root/3-MEC.json,present,missing,missing,present,present,missing,missing,missing,missing,present,missing,missing,missing,missing,missing,missing,missing,missing,present,missing,missing,present,missing,present,missing,,roas;toxicities;interactions;summary;saferUse
3-MeO-PCE,app/src/main/assets/substances/root/3-MeO-PCE.json,present,missing,present,present,present,present,present,present,present,present,present,missing,missing,missing,missing,missing,present,present,missing,missing,missing,present,localized,present,same-as-name,halfToleranceInHours;zeroToleranceInHours,saferUse;metabolism
3-MeO-PCMo,app/src/main/assets/substances/root/3-MeO-PCMo.json,present,missing,empty,present,present,present,present,present,present,present,missing,missing,missing,missing,missing,missing,present,present,missing,missing,missing,present,localized,present,same-as-name,halfToleranceInHours;zeroToleranceInHours,summary;saferUse;metabolism
3-MeO-PCP,app/src/main/assets/substances/root/3-MeO-PCP.json,present,missing,present,present,present,present,present,present,present,present,present,missing,missing,missing,missing,missing,present,present,missing,missing,missing,present,localized,present,same-as-name,halfToleranceInHours;zeroToleranceInHours,saferUse;metabolism
3-MeO-PCPR,app/src/main/assets/substances/root/3-MeO-PCPR.json,present,missing,missing,present,present,missing,missing,missing,missing,present,missing,missing,missing,missing,missing,missing,missing,missing,present,missing,missing,present,missing,present,missing,,roas;toxicities;interactions;summary;saferUse
3-MeO-PCPY,app/src/main/assets/substances/root/3-MeO-PCPY.json,present,missing,missing,present,present,missing,missing,missing,missing,present,missing,missing,missing,missing,missing,missing,missing,missing,present,missing,missing,present,missing,present,missing,,roas;toxicities;interactions;summary;saferUse
3-MeOMC,app/src/main/assets/substances/root/3-MeOMC.json,present,missing,missing,present,present,missing,missing,missing,missing,present,missing,missing,missing,missing,missing,missing,missing,missing,present,missing,missing,present,missing,present,missing,,roas;toxicities;interactions;summary;saferUse
3-MMC,app/src/main/assets/substances/root/3-MMC.json,present,missing,present,present,present,present,present,present,empty,present,present,missing,missing,missing,missing,missing,present,present,missing,missing,missing,present,same-as-name,present,same-as-name,halfToleranceInHours;zeroToleranceInHours,toxicities;saferUse;metabolism
3-OH-Phenazepam,app/src/main/assets/substances/root/3-OH-Phenazepam.json,present,missing,present,present,present,missing,missing,missing,missing,present,missing,missing,missing,missing,missing,missing,missing,missing,present,missing,missing,present,missing,present,missing,,roas;toxicities;interactions;summary;saferUse
3C-E,app/src/main/assets/substances/root/3C-E.json,present,missing,present,present,present,present,present,present,present,present,present,missing,missing,missing,missing,missing,present,present,missing,missing,missing,present,same-as-name,present,same-as-name,halfToleranceInHours;zeroToleranceInHours,saferUse;metabolism
3C-P,app/src/main/assets/substances/root/3C-P.json,present,missing,empty,present,present,present,present,present,present,present,present,missing,missing,missing,missing,missing,present,present,missing,missing,missing,present,same-as-name,present,same-as-name,halfToleranceInHours;zeroToleranceInHours,saferUse;metabolism
"3’,4’-Dimethyl-α-PVP","app/src/main/assets/substances/root/3’,4’-Dimethyl-α-PVP.json",present,missing,missing,present,present,missing,missing,missing,missing,present,missing,missing,missing,missing,missing,missing,missing,missing,missing,missing,missing,missing,no-overlay,missing,no-overlay,,roas;toxicities;interactions;summary;saferUse;metabolism
"4,4-DMAR","app/src/main/assets/substances/root/4,4-DMAR.json",present,missing,present,present,present,missing,missing,missing,missing,present,missing,missing,missing,missing,missing,missing,missing,missing,present,missing,missing,present,missing,present,missing,,roas;toxicities;interactions;summary;saferUse
4-AcO-DALT,app/src/main/assets/substances/root/4-AcO-DALT.json,present,missing,present,present,present,missing,missing,missing,missing,present,missing,missing,missing,missing,missing,missing,missing,missing,present,missing,missing,present,missing,present,missing,,roas;toxicities;interactions;summary;saferUse
4-AcO-DET,app/src/main/assets/substances/root/4-AcO-DET.json,present,missing,present,present,present,present,present,present,present,present,present,missing,missing,missing,missing,missing,present,present,missing,missing,missing,present,localized,present,same-as-name,halfToleranceInHours;zeroToleranceInHours,saferUse;metabolism
4-AcO-DiPT,app/src/main/assets/substances/root/4-AcO-DiPT.json,present,missing,present,present,present,present,present,present,present,present,present,missing,missing,missing,missing,missing,present,present,missing,missing,missing,present,localized,present,same-as-name,halfToleranceInHours;zeroToleranceInHours,saferUse;metabolism
4-AcO-DMT,app/src/main/assets/substances/root/4-AcO-DMT.json,present,missing,present,present,present,present,present,present,present,present,present,missing,missing,missing,missing,missing,present,present,missing,missing,missing,present,localized,present,same-as-name,zeroToleranceInHours,saferUse;metabolism
4-AcO-DPT,app/src/main/assets/substances/root/4-AcO-DPT.json,present,missing,present,present,present,missing,missing,missing,missing,present,missing,missing,missing,missing,missing,missing,missing,missing,present,missing,missing,present,missing,present,missing,,roas;toxicities;interactions;summary;saferUse
4-AcO-MET,app/src/main/assets/substances/root/4-AcO-MET.json,present,missing,present,present,present,present,present,present,present,present,present,missing,missing,missing,missing,missing,present,present,missing,missing,missing,present,localized,present,same-as-name,halfToleranceInHours;zeroToleranceInHours,saferUse;metabolism
4-AcO-MiPT,app/src/main/assets/substances/root/4-AcO-MiPT.json,present,missing,present,present,present,present,present,present,present,present,present,missing,missing,missing,missing,missing,present,present,missing,missing,missing,present,localized,present,same-as-name,halfToleranceInHours;zeroToleranceInHours,saferUse;metabolism
4-Benzylpiperidine,app/src/main/assets/substances/root/4-Benzylpiperidine.json,present,missing,present,present,present,missing,missing,missing,missing,present,missing,missing,missing,missing,missing,missing,missing,missing,present,missing,missing,present,localized,present,localized,,roas;toxicities;interactions;summary;saferUse
4-BMC,app/src/main/assets/substances/root/4-BMC.json,present,missing,missing,present,present,missing,missing,missing,missing,missing,missing,missing,missing,missing,missing,missing,missing,missing,missing,missing,missing,missing,no-overlay,missing,no-overlay,,categories;roas;toxicities;interactions;summary;saferUse;metabolism
4-CA,app/src/main/assets/substances/root/4-CA.json,present,missing,missing,present,present,missing,missing,missing,missing,missing,missing,missing,missing,missing,missing,missing,missing,missing,missing,missing,missing,present,localized,present,localized,,categories;roas;toxicities;interactions;summary;saferUse;metabolism
4-CBC,app/src/main/assets/substances/root/4-CBC.json,present,missing,missing,present,present,missing,missing,missing,missing,present,missing,missing,missing,missing,missing,missing,missing,missing,present,missing,missing,present,missing,present,missing,,roas;toxicities;interactions;summary;saferUse
4-Chlorodiazepam,app/src/main/assets/substances/root/4-Chlorodiazepam.json,present,missing,present,present,present,missing,missing,missing,missing,present,missing,missing,missing,missing,missing,missing,missing,missing,present,missing,missing,present,localized,present,localized,,roas;toxicities;interactions;summary;saferUse
4-CMA,app/src/main/assets/substances/root/4-CMA.json,present,missing,missing,present,present,missing,missing,missing,missing,present,missing,missing,missing,missing,missing,missing,missing,missing,present,missing,missing,present,missing,present,missing,,roas;toxicities;interactions;summary;saferUse
4-CMC,app/src/main/assets/substances/root/4-CMC.json,present,missing,present,present,present,missing,missing,missing,missing,present,missing,missing,missing,missing,missing,missing,missing,missing,present,present,missing,present,missing,present,missing,,roas;toxicities;interactions;summary;saferUse
4-EMC,app/src/main/assets/substances/root/4-EMC.json,present,missing,present,present,present,missing,missing,missing,missing,present,missing,missing,missing,missing,missing,missing,missing,missing,present,missing,missing,present,missing,present,missing,,roas;toxicities;interactions;summary;saferUse
4-EPD,app/src/main/assets/substances/root/4-EPD.json,present,missing,present,present,present,missing,missing,missing,missing,present,missing,missing,missing,missing,missing,missing,missing,missing,present,missing,missing,present,missing,present,missing,,roas;toxicities;interactions;summary;saferUse
4-FA,app/src/main/assets/substances/root/4-FA.json,present,missing,present,present,present,present,present,present,empty,present,present,missing,missing,missing,missing,missing,present,present,missing,missing,missing,present,same-as-name,present,same-as-name,halfToleranceInHours;zeroToleranceInHours,toxicities;saferUse;metabolism
4-FEA,app/src/main/assets/substances/root/4-FEA.json,present,missing,present,present,present,missing,missing,missing,missing,present,missing,missing,missing,missing,missing,missing,missing,missing,present,missing,missing,present,missing,present,missing,,roas;toxicities;interactions;summary;saferUse
4-Fluorobutyrfentanyl,app/src/main/assets/substances/root/4-Fluorobutyrfentanyl.json,present,missing,present,present,present,missing,missing,missing,missing,present,missing,missing,missing,missing,missing,missing,missing,missing,present,missing,missing,present,localized,present,localized,,roas;toxicities;interactions;summary;saferUse
4-Fluoropentedrone,app/src/main/assets/substances/root/4-Fluoropentedrone.json,present,missing,present,present,present,missing,missing,missing,missing,present,missing,missing,missing,missing,missing,missing,missing,missing,present,missing,missing,present,missing,present,missing,,roas;toxicities;interactions;summary;saferUse
4-FMA,app/src/main/assets/substances/root/4-FMA.json,present,missing,present,present,present,present,present,present,present,present,present,missing,missing,missing,missing,missing,present,present,missing,missing,missing,present,same-as-name,present,same-as-name,halfToleranceInHours;zeroToleranceInHours,saferUse;metabolism
4-FMC,app/src/main/assets/substances/root/4-FMC.json,present,missing,present,present,present,missing,missing,missing,missing,present,missing,missing,missing,missing,missing,missing,missing,missing,present,missing,missing,present,missing,present,missing,,roas;toxicities;interactions;summary;saferUse
4-FPM,app/src/main/assets/substances/root/4-FPM.json,present,missing,missing,present,present,missing,missing,missing,missing,present,missing,missing,missing,missing,missing,missing,missing,missing,present,missing,missing,present,missing,present,missing,,roas;toxicities;interactions;summary;saferUse
4-FPP,app/src/main/assets/substances/root/4-FPP.json,present,missing,missing,present,present,missing,missing,missing,missing,present,missing,missing,missing,missing,missing,missing,missing,missing,present,missing,missing,present,missing,present,missing,,roas;toxicities;interactions;summary;saferUse
4-HO-DET,app/src/main/assets/substances/root/4-HO-DET.json,present,missing,present,present,present,present,present,present,present,present,present,missing,missing,missing,missing,missing,present,present,missing,missing,missing,present,localized,present,same-as-name,halfToleranceInHours;zeroToleranceInHours,saferUse;metabolism
4-HO-DiPT,app/src/main/assets/substances/root/4-HO-DiPT.json,present,missing,present,present,present,present,present,present,present,present,present,missing,missing,missing,missing,missing,present,present,missing,missing,missing,present,localized,present,same-as-name,halfToleranceInHours;zeroToleranceInHours,saferUse;metabolism
4-HO-DPT,app/src/main/assets/substances/root/4-HO-DPT.json,present,missing,present,present,present,present,present,present,present,present,present,missing,missing,missing,missing,missing,present,present,missing,missing,missing,present,localized,present,same-as-name,halfToleranceInHours;zeroToleranceInHours,saferUse;metabolism
4-HO-EPT,app/src/main/assets/substances/root/4-HO-EPT.json,present,missing,present,present,present,present,present,present,present,present,present,missing,missing,missing,missing,missing,present,present,missing,missing,missing,present,localized,present,same-as-name,halfToleranceInHours;zeroToleranceInHours,saferUse;metabolism
4-HO-MCPT,app/src/main/assets/substances/root/4-HO-MCPT.json,present,missing,missing,present,present,missing,missing,missing,missing,present,missing,missing,missing,missing,missing,missing,missing,missing,present,missing,missing,present,missing,present,missing,,roas;toxicities;interactions;summary;saferUse
4-HO-MET,app/src/main/assets/substances/root/4-HO-MET.json,present,missing,present,present,present,present,present,present,present,present,present,missing,missing,missing,missing,missing,present,present,missing,missing,missing,present,localized,present,same-as-name,halfToleranceInHours;zeroToleranceInHours,saferUse;metabolism
4-HO-MiPT,app/src/main/assets/substances/root/4-HO-MiPT.json,present,missing,present,present,present,present,present,present,present,present,present,missing,missing,missing,missing,missing,present,present,missing,missing,missing,present,localized,present,same-as-name,halfToleranceInHours;zeroToleranceInHours,saferUse;metabolism
4-HO-MPMI,app/src/main/assets/substances/root/4-HO-MPMI.json,present,missing,present,present,present,missing,missing,missing,missing,present,missing,missing,missing,missing,missing,missing,missing,missing,present,missing,missing,present,missing,present,missing,,roas;toxicities;interactions;summary;saferUse
4-HO-MPT,app/src/main/assets/substances/root/4-HO-MPT.json,present,missing,present,present,present,present,present,present,present,present,present,missing,missing,missing,missing,missing,present,present,missing,missing,missing,present,localized,present,same-as-name,halfToleranceInHours;zeroToleranceInHours,saferUse;metabolism
4-MEC,app/src/main/assets/substances/root/4-MEC.json,present,missing,present,present,present,missing,missing,missing,missing,present,missing,missing,missing,missing,missing,missing,missing,missing,present,missing,missing,present,missing,present,missing,,roas;toxicities;interactions;summary;saferUse
4-MeO-Butyrfentanyl,app/src/main/assets/substances/root/4-MeO-Butyrfentanyl.json,present,missing,present,present,present,missing,missing,missing,missing,present,missing,missing,missing,missing,missing,missing,missing,missing,present,missing,missing,present,localized,present,localized,,roas;toxicities;interactions;summary;saferUse
4-MeO-MiPT,app/src/main/assets/substances/root/4-MeO-MiPT.json,present,missing,missing,present,present,missing,missing,missing,missing,present,missing,missing,missing,missing,missing,missing,missing,missing,present,missing,missing,present,missing,present,missing,,roas;toxicities;interactions;summary;saferUse
4-MeO-PCP,app/src/main/assets/substances/root/4-MeO-PCP.json,present,missing,present,present,present,present,present,present,present,present,present,missing,missing,missing,missing,missing,present,present,missing,missing,missing,present,localized,present,same-as-name,halfToleranceInHours;zeroToleranceInHours,saferUse;metabolism
4-METHYLAMINOREX,app/src/main/assets/substances/root/4-METHYLAMINOREX.json,present,missing,missing,present,present,missing,missing,missing,missing,present,missing,missing,missing,missing,missing,missing,missing,missing,present,missing,missing,present,localized,present,localized,,roas;toxicities;interactions;summary;saferUse
4-Methylmethylphenidate,app/src/main/assets/substances/root/4-Methylmethylphenidate.json,present,missing,present,present,present,missing,missing,missing,missing,present,missing,missing,missing,missing,missing,missing,missing,missing,present,missing,missing,present,localized,present,localized,,roas;toxicities;interactions;summary;saferUse
4-MPD,app/src/main/assets/substances/root/4-MPD.json,present,missing,missing,present,present,missing,missing,missing,missing,present,missing,missing,missing,missing,missing,missing,missing,missing,present,missing,missing,present,missing,present,missing,,roas;toxicities;interactions;summary;saferUse
4-MPM,app/src/main/assets/substances/root/4-MPM.json,present,missing,present,present,present,missing,missing,missing,missing,present,missing,missing,missing,missing,missing,missing,missing,missing,present,missing,missing,present,missing,present,missing,,roas;toxicities;interactions;summary;saferUse
4-MTA,app/src/main/assets/substances/root/4-MTA.json,present,missing,present,present,present,missing,missing,missing,missing,present,missing,missing,missing,missing,missing,missing,missing,missing,present,missing,missing,present,missing,present,missing,,roas;toxicities;interactions;summary;saferUse
4C-D,app/src/main/assets/substances/root/4C-D.json,present,missing,missing,present,present,missing,missing,missing,missing,present,missing,missing,missing,missing,missing,missing,missing,missing,missing,missing,missing,present,localized,present,localized,,roas;toxicities;interactions;summary;saferUse;metabolism
4F-ADMB-BINACA,app/src/main/assets/substances/root/4F-ADMB-BINACA.json,present,missing,missing,present,present,missing,missing,missing,missing,present,missing,missing,missing,missing,missing,missing,missing,missing,missing,missing,missing,missing,no-overlay,missing,no-overlay,,roas;toxicities;interactions;summary;saferUse;metabolism
4F-EPH,app/src/main/assets/substances/root/4F-EPH.json,present,missing,present,present,present,present,present,present,empty,present,missing,missing,missing,missing,missing,missing,present,present,missing,missing,missing,present,same-as-name,present,same-as-name,halfToleranceInHours;zeroToleranceInHours,toxicities;summary;saferUse;metabolism
4F-MDMB-PINACA,app/src/main/assets/substances/root/4F-MDMB-PINACA.json,present,missing,missing,present,present,missing,missing,missing,missing,present,missing,missing,missing,missing,missing,missing,missing,missing,missing,missing,missing,missing,no-overlay,missing,no-overlay,,roas;toxicities;interactions;summary;saferUse;metabolism
4F-MPH,app/src/main/assets/substances/root/4F-MPH.json,present,missing,present,present,present,missing,empty,missing,empty,present,missing,missing,missing,missing,missing,missing,present,present,missing,missing,missing,present,same-as-name,present,same-as-name,,toxicities;summary;saferUse;metabolism
4F-PHP,app/src/main/assets/substances/root/4F-PHP.json,present,missing,missing,present,present,missing,missing,missing,missing,present,missing,missing,missing,missing,missing,missing,missing,missing,present,missing,missing,present,missing,present,missing,,roas;toxicities;interactions;summary;saferUse
4F-PVP,app/src/main/assets/substances/root/4F-PVP.json,present,missing,present,present,present,missing,missing,missing,missing,present,missing,missing,missing,missing,missing,missing,missing,missing,present,missing,missing,present,missing,present,missing,,roas;toxicities;interactions;summary;saferUse
4’-Ph-PVP,app/src/main/assets/substances/root/4’-Ph-PVP.json,present,missing,missing,present,present,missing,missing,missing,missing,present,missing,missing,missing,missing,missing,missing,missing,missing,missing,missing,missing,missing,no-overlay,missing,no-overlay,,roas;toxicities;interactions;summary;saferUse;metabolism
"5,6-Dichloro desmethylchlorphine","app/src/main/assets/substances/root/5,6-Dichloro desmethylchlorphine.json",present,missing,missing,present,present,missing,missing,missing,missing,present,missing,missing,missing,missing,missing,missing,missing,missing,missing,missing,missing,missing,no-overlay,missing,no-overlay,,roas;toxicities;interactions;summary;saferUse;metabolism
5-APB,app/src/main/assets/substances/root/5-APB.json,present,missing,present,present,present,present,present,present,present,present,present,missing,missing,missing,missing,missing,present,present,missing,missing,missing,present,same-as-name,present,same-as-name,halfToleranceInHours;zeroToleranceInHours,saferUse;metabolism
5-APDB,app/src/main/assets/substances/root/5-APDB.json,present,missing,missing,present,present,missing,missing,missing,missing,present,missing,missing,missing,missing,missing,missing,missing,missing,present,missing,missing,present,missing,present,missing,,roas;toxicities;interactions;summary;saferUse
5-APDI,app/src/main/assets/substances/root/5-APDI.json,present,missing,present,present,present,missing,missing,missing,missing,present,missing,missing,missing,missing,missing,missing,missing,missing,present,missing,missing,present,missing,present,missing,,roas;toxicities;interactions;summary;saferUse
5-BPDI,app/src/main/assets/substances/root/5-BPDI.json,present,missing,missing,present,present,missing,missing,missing,missing,present,missing,missing,missing,missing,missing,missing,missing,missing,present,missing,missing,present,missing,present,missing,,roas;toxicities;interactions;summary;saferUse
5-Bromo-DMT,app/src/main/assets/substances/root/5-Bromo-DMT.json,present,missing,missing,present,present,missing,missing,missing,missing,present,missing,missing,missing,missing,missing,missing,missing,missing,present,missing,missing,present,localized,present,localized,,roas;toxicities;interactions;summary;saferUse
5-DBFPV,app/src/main/assets/substances/root/5-DBFPV.json,present,missing,missing,present,present,missing,missing,missing,missing,present,missing,missing,missing,missing,missing,missing,missing,missing,present,missing,missing,present,missing,present,missing,,roas;toxicities;interactions;summary;saferUse
5-EAPB,app/src/main/assets/substances/root/5-EAPB.json,present,missing,present,present,present,missing,missing,missing,missing,present,missing,missing,missing,missing,missing,missing,missing,missing,present,missing,missing,present,missing,present,missing,,roas;toxicities;interactions;summary;saferUse
5-Hydroxytryptophan,app/src/main/assets/substances/root/5-Hydroxytryptophan.json,present,missing,present,present,present,missing,empty,missing,empty,present,missing,missing,missing,missing,missing,missing,present,present,missing,missing,missing,present,localized,present,localized,,toxicities;summary;saferUse;metabolism
5-IAI,app/src/main/assets/substances/root/5-IAI.json,present,missing,present,present,present,missing,missing,missing,missing,present,missing,missing,missing,missing,missing,missing,missing,missing,present,missing,missing,present,missing,present,missing,,roas;toxicities;interactions;summary;saferUse
5-IT,app/src/main/assets/substances/root/5-IT.json,present,missing,present,present,present,missing,missing,missing,missing,present,missing,missing,missing,missing,missing,missing,missing,missing,present,missing,missing,present,missing,present,missing,,roas;toxicities;interactions;summary;saferUse
5-MAPB,app/src/main/assets/substances/root/5-MAPB.json,present,missing,present,present,present,present,present,present,present,present,present,missing,missing,missing,missing,missing,present,present,missing,missing,missing,present,same-as-name,present,same-as-name,halfToleranceInHours;zeroToleranceInHours,saferUse;metabolism
5-MAPDB,app/src/main/assets/substances/root/5-MAPDB.json,present,missing,present,present,present,missing,missing,missing,missing,present,missing,missing,missing,missing,missing,missing,missing,missing,present,missing,missing,present,missing,present,missing,,roas;toxicities;interactions;summary;saferUse
5-MeO-DALT,app/src/main/assets/substances/root/5-MeO-DALT.json,present,missing,present,present,present,present,present,present,present,present,present,missing,missing,missing,missing,missing,present,present,missing,missing,missing,present,localized,present,same-as-name,halfToleranceInHours;zeroToleranceInHours,saferUse;metabolism
5-MeO-DiBF,app/src/main/assets/substances/root/5-MeO-DiBF.json,present,missing,present,present,present,present,present,present,present,present,missing,missing,missing,missing,missing,missing,present,present,missing,missing,missing,present,localized,present,same-as-name,halfToleranceInHours;zeroToleranceInHours,summary;saferUse;metabolism
5-MeO-DiPT,app/src/main/assets/substances/root/5-MeO-DiPT.json,present,missing,present,present,present,present,present,present,present,present,present,missing,missing,missing,missing,missing,present,present,missing,missing,missing,present,localized,present,same-as-name,halfToleranceInHours;zeroToleranceInHours,saferUse;metabolism
5-MeO-DMT,app/src/main/assets/substances/root/5-MeO-DMT.json,present,missing,present,present,present,present,empty,present,present,present,present,present,present,present,present,present,present,present,missing,missing,missing,present,localized,present,same-as-name,halfToleranceInHours;zeroToleranceInHours,metabolism
5-MeO-DPT,app/src/main/assets/substances/root/5-MeO-DPT.json,present,missing,present,present,present,missing,missing,missing,missing,present,missing,missing,missing,missing,missing,missing,missing,missing,present,missing,missing,present,missing,present,missing,,roas;toxicities;interactions;summary;saferUse
5-MeO-EiPT,app/src/main/assets/substances/root/5-MeO-EiPT.json,present,missing,present,present,present,missing,missing,missing,missing,present,missing,missing,missing,missing,missing,missing,missing,missing,present,missing,missing,present,missing,present,missing,,roas;toxicities;interactions;summary;saferUse
5-MeO-MALT,app/src/main/assets/substances/root/5-MeO-MALT.json,present,missing,missing,present,present,missing,missing,missing,missing,present,missing,missing,missing,missing,missing,missing,missing,missing,present,missing,missing,present,missing,present,missing,,roas;toxicities;interactions;summary;saferUse
5-MeO-MET,app/src/main/assets/substances/root/5-MeO-MET.json,present,missing,missing,present,present,missing,missing,missing,missing,present,missing,missing,missing,missing,missing,missing,missing,missing,present,missing,missing,present,missing,present,missing,,roas;toxicities;interactions;summary;saferUse
5-MeO-MiPT,app/src/main/assets/substances/root/5-MeO-MiPT.json,present,missing,present,present,present,present,present,present,empty,present,present,missing,missing,missing,missing,missing,present,present,missing,missing,missing,present,localized,present,same-as-name,halfToleranceInHours;zeroToleranceInHours,toxicities;saferUse;metabolism
5-MeO-NIPT,app/src/main/assets/substances/root/5-MeO-NIPT.json,present,missing,present,present,present,missing,missing,missing,missing,present,missing,missing,missing,missing,missing,missing,missing,missing,present,missing,missing,present,missing,present,missing,,roas;toxicities;interactions;summary;saferUse
5-MeO-PYR-T,app/src/main/assets/substances/root/5-MeO-PYR-T.json,present,missing,missing,present,present,missing,missing,missing,missing,present,missing,missing,missing,missing,missing,missing,missing,missing,present,missing,missing,present,missing,present,missing,,roas;toxicities;interactions;summary;saferUse
5-MeO-αMT,app/src/main/assets/substances/root/5-MeO-αMT.json,present,missing,present,present,present,missing,missing,missing,missing,present,missing,missing,missing,missing,missing,missing,missing,missing,present,missing,missing,present,localized,present,localized,,roas;toxicities;interactions;summary;saferUse
5-Methylethylone,app/src/main/assets/substances/root/5-Methylethylone.json,present,missing,present,present,present,missing,missing,missing,missing,present,missing,missing,missing,missing,missing,missing,missing,missing,present,missing,missing,present,missing,present,missing,,roas;toxicities;interactions;summary;saferUse
5-PPDI,app/src/main/assets/substances/root/5-PPDI.json,present,missing,missing,present,present,missing,missing,missing,missing,present,missing,missing,missing,missing,missing,missing,missing,missing,present,missing,missing,present,missing,present,missing,,roas;toxicities;interactions;summary;saferUse
5F-AKB48,app/src/main/assets/substances/root/5F-AKB48.json,present,missing,present,present,present,present,present,present,present,present,present,missing,missing,missing,missing,missing,present,present,missing,missing,missing,present,same-as-name,present,same-as-name,halfToleranceInHours;zeroToleranceInHours,saferUse;metabolism
5F-PB-22,app/src/main/assets/substances/root/5F-PB-22.json,present,missing,empty,present,present,present,present,present,present,present,present,missing,missing,missing,missing,missing,present,present,missing,missing,missing,present,same-as-name,present,same-as-name,halfToleranceInHours;zeroToleranceInHours,saferUse;metabolism
6-APB,app/src/main/assets/substances/root/6-APB.json,present,missing,present,present,present,present,present,present,present,present,present,missing,missing,missing,missing,missing,present,present,missing,missing,missing,present,same-as-name,present,same-as-name,halfToleranceInHours;zeroToleranceInHours,saferUse;metabolism
6-APDB,app/src/main/assets/substances/root/6-APDB.json,present,missing,present,present,present,present,present,present,present,present,present,missing,missing,missing,missing,missing,present,present,missing,missing,missing,present,same-as-name,present,same-as-name,halfToleranceInHours;zeroToleranceInHours,saferUse;metabolism
6-EAPB,app/src/main/assets/substances/root/6-EAPB.json,present,missing,missing,present,present,missing,missing,missing,missing,present,missing,missing,missing,missing,missing,missing,missing,missing,present,missing,missing,present,missing,present,missing,,roas;toxicities;interactions;summary;saferUse
6-MAPB,app/src/main/assets/substances/root/6-MAPB.json,present,missing,missing,present,present,missing,missing,missing,missing,present,missing,missing,missing,missing,missing,missing,missing,missing,present,missing,missing,present,missing,present,missing,,roas;toxicities;interactions;summary;saferUse
6-MDDM,app/src/main/assets/substances/root/6-MDDM.json,present,missing,present,present,present,missing,missing,missing,missing,present,missing,missing,missing,missing,missing,missing,missing,missing,present,missing,missing,present,missing,present,missing,,roas;toxicities;interactions;summary;saferUse
8-Chlorotheophylline,app/src/main/assets/substances/root/8-Chlorotheophylline.json,present,missing,present,present,present,present,present,present,present,present,present,present,present,present,present,present,present,empty,missing,missing,missing,present,localized,present,localized,halfToleranceInHours;zeroToleranceInHours,roas;metabolism
A-PHP,app/src/main/assets/substances/root/A-PHP.json,present,missing,present,present,present,present,present,present,present,present,missing,missing,missing,missing,missing,missing,present,present,missing,missing,missing,present,same-as-name,present,same-as-name,halfToleranceInHours;zeroToleranceInHours,summary;saferUse;metabolism
A-PIHP,app/src/main/assets/substances/root/A-PIHP.json,present,missing,present,present,present,missing,missing,missing,missing,present,missing,missing,missing,missing,missing,missing,missing,missing,present,missing,missing,present,localized,present,localized,,roas;toxicities;interactions;summary;saferUse
A-PVP,app/src/main/assets/substances/root/A-PVP.json,present,missing,present,present,present,present,present,present,present,present,missing,missing,missing,missing,missing,missing,present,present,missing,missing,missing,present,same-as-name,present,same-as-name,halfToleranceInHours;zeroToleranceInHours,summary;saferUse;metabolism
AB-CHMINACA,app/src/main/assets/substances/root/AB-CHMINACA.json,present,missing,missing,present,present,missing,missing,missing,missing,present,missing,missing,missing,missing,missing,missing,missing,missing,present,missing,missing,present,localized,present,localized,,roas;toxicities;interactions;summary;saferUse
AB-FUBINACA,app/src/main/assets/substances/root/AB-FUBINACA.json,present,missing,present,present,present,present,present,present,present,present,present,missing,missing,missing,missing,missing,present,present,missing,missing,missing,present,same-as-name,present,same-as-name,halfToleranceInHours;zeroToleranceInHours,saferUse;metabolism
Acamprosate,app/src/main/assets/substances/root/Acamprosate.json,present,missing,missing,present,present,missing,missing,missing,missing,present,missing,missing,missing,missing,missing,missing,missing,missing,present,present,missing,present,localized,present,localized,,roas;toxicities;interactions;summary;saferUse
Acepromazine,app/src/main/assets/substances/root/Acepromazine.json,present,missing,missing,present,present,missing,missing,missing,missing,present,missing,missing,missing,missing,missing,missing,missing,missing,present,missing,missing,present,localized,present,localized,,roas;toxicities;interactions;summary;saferUse
Acetildenafil,app/src/main/assets/substances/root/Acetildenafil.json,present,missing,missing,present,present,missing,missing,missing,missing,present,missing,missing,missing,missing,missing,missing,missing,missing,missing,missing,missing,present,localized,present,localized,,roas;toxicities;interactions;summary;saferUse;metabolism
Acetophenazine,app/src/main/assets/substances/root/Acetophenazine.json,present,missing,missing,present,present,missing,missing,missing,missing,present,missing,missing,missing,missing,missing,missing,missing,missing,present,missing,missing,present,localized,present,localized,,roas;toxicities;interactions;summary;saferUse
Acetylcarnitine,app/src/main/assets/substances/root/Acetylcarnitine.json,present,missing,missing,present,present,missing,missing,missing,missing,present,missing,missing,missing,missing,missing,missing,missing,missing,present,missing,missing,present,localized,present,localized,,roas;toxicities;interactions;summary;saferUse
Acetylfentanyl,app/src/main/assets/substances/root/Acetylfentanyl.json,present,missing,present,present,present,present,present,present,present,present,present,missing,missing,missing,missing,missing,present,present,missing,missing,missing,present,localized,present,localized,halfToleranceInHours;zeroToleranceInHours,saferUse;metabolism
Acetylglycinamide chloral hydrate,app/src/main/assets/substances/root/Acetylglycinamide chloral hydrate.json,present,missing,missing,present,present,missing,missing,missing,missing,present,missing,missing,missing,missing,missing,missing,missing,missing,present,missing,missing,present,localized,present,localized,,roas;toxicities;interactions;summary;saferUse
Acrylfentanyl,app/src/main/assets/substances/root/Acrylfentanyl.json,present,missing,missing,present,present,missing,missing,missing,missing,present,missing,missing,missing,missing,missing,missing,missing,missing,present,missing,missing,present,localized,present,localized,,roas;toxicities;interactions;summary;saferUse
Adinazolam,app/src/main/assets/substances/root/Adinazolam.json,present,missing,present,present,present,missing,missing,missing,missing,present,missing,missing,missing,missing,missing,missing,missing,missing,present,missing,missing,present,localized,present,localized,,roas;toxicities;interactions;summary;saferUse
ADMB-5en-HEXINACA,app/src/main/assets/substances/root/ADMB-5en-HEXINACA.json,present,missing,missing,present,present,missing,missing,missing,missing,present,missing,missing,missing,missing,missing,missing,missing,missing,missing,missing,missing,missing,no-overlay,missing,no-overlay,,roas;toxicities;interactions;summary;saferUse;metabolism
ADMB-FUBBIOCA,app/src/main/assets/substances/root/ADMB-FUBBIOCA.json,present,missing,missing,present,present,missing,missing,missing,missing,present,missing,missing,missing,missing,missing,missing,missing,missing,missing,missing,missing,missing,no-overlay,missing,no-overlay,,roas;toxicities;interactions;summary;saferUse;metabolism
Adrafinil,app/src/main/assets/substances/root/Adrafinil.json,present,missing,present,present,present,present,present,present,empty,present,present,missing,missing,missing,missing,missing,missing,present,missing,missing,missing,present,localized,present,localized,halfToleranceInHours;zeroToleranceInHours,toxicities;interactions;saferUse;metabolism
Afloqualone,app/src/main/assets/substances/root/Afloqualone.json,present,missing,missing,present,present,missing,missing,missing,missing,present,missing,missing,missing,missing,missing,missing,missing,missing,present,missing,missing,present,localized,present,localized,,roas;toxicities;interactions;summary;saferUse
Agmatine,app/src/main/assets/substances/root/Agmatine.json,present,missing,missing,present,present,missing,missing,missing,missing,present,missing,missing,missing,missing,missing,missing,missing,missing,missing,missing,missing,present,localized,present,localized,,roas;toxicities;interactions;summary;saferUse;metabolism
Agomelatine,app/src/main/assets/substances/root/Agomelatine.json,present,missing,missing,present,present,missing,missing,missing,missing,present,missing,missing,missing,missing,missing,missing,missing,missing,present,present,missing,present,localized,present,localized,,roas;toxicities;interactions;summary;saferUse
AH-7921,app/src/main/assets/substances/root/AH-7921.json,present,missing,present,present,present,missing,missing,missing,missing,present,missing,missing,missing,missing,missing,missing,missing,missing,present,missing,missing,present,missing,present,missing,,roas;toxicities;interactions;summary;saferUse
AL-LAD,app/src/main/assets/substances/root/AL-LAD.json,present,missing,present,present,present,present,present,present,present,present,present,missing,missing,missing,missing,missing,present,present,missing,missing,missing,present,same-as-name,present,same-as-name,halfToleranceInHours;zeroToleranceInHours,saferUse;metabolism
Alaproclate,app/src/main/assets/substances/root/Alaproclate.json,present,missing,missing,present,present,missing,missing,missing,missing,present,missing,missing,missing,missing,missing,missing,missing,missing,present,missing,missing,present,missing,present,missing,,roas;toxicities;interactions;summary;saferUse
Alcohol,app/src/main/assets/substances/root/Alcohol.json,present,missing,present,present,present,present,present,present,present,present,present,present,present,present,present,present,present,present,missing,missing,missing,present,localized,present,localized,halfToleranceInHours;zeroToleranceInHours,metabolism
ALD-52,app/src/main/assets/substances/root/ALD-52.json,present,missing,present,present,present,present,present,present,present,present,present,missing,missing,missing,missing,missing,present,present,missing,missing,missing,present,same-as-name,present,same-as-name,halfToleranceInHours;zeroToleranceInHours,saferUse;metabolism
ALEPH-2,app/src/main/assets/substances/root/ALEPH-2.json,present,missing,present,present,present,missing,missing,missing,missing,present,missing,missing,missing,missing,missing,missing,missing,missing,present,missing,missing,present,missing,present,missing,,roas;toxicities;interactions;summary;saferUse
Allobarbital,app/src/main/assets/substances/root/Allobarbital.json,present,missing,missing,present,present,missing,missing,missing,missing,present,missing,missing,missing,missing,missing,missing,missing,missing,present,missing,missing,present,localized,present,localized,,roas;toxicities;interactions;summary;saferUse
Allylescaline,app/src/main/assets/substances/root/Allylescaline.json,present,missing,present,present,present,present,present,present,present,present,present,missing,missing,missing,missing,missing,missing,present,missing,missing,missing,present,localized,present,localized,halfToleranceInHours;zeroToleranceInHours,interactions;saferUse;metabolism
Alpha-GPC,app/src/main/assets/substances/root/Alpha-GPC.json,present,missing,present,present,present,present,empty,present,present,present,missing,missing,missing,missing,missing,missing,missing,present,missing,missing,missing,present,localized,present,same-as-name,halfToleranceInHours;zeroToleranceInHours,interactions;summary;saferUse;metabolism
Alprazolam,app/src/main/assets/substances/root/Alprazolam.json,present,missing,present,present,present,present,present,present,present,present,present,present,missing,present,present,present,present,present,present,present,present,present,localized,present,localized,zeroToleranceInHours,
AM-2201,app/src/main/assets/substances/root/AM-2201.json,present,missing,present,present,present,missing,missing,missing,missing,present,missing,missing,missing,missing,missing,missing,missing,missing,present,missing,missing,present,missing,present,missing,,roas;toxicities;interactions;summary;saferUse
Amanita citrina,app/src/main/assets/substances/root/Amanita citrina.json,present,missing,missing,present,present,missing,missing,missing,missing,missing,missing,missing,missing,missing,missing,missing,missing,missing,missing,missing,missing,present,localized,present,localized,,categories;roas;toxicities;interactions;summary;saferUse;metabolism
Amanita muscaria,app/src/main/assets/substances/root/Amanita muscaria.json,present,missing,present,present,present,missing,missing,missing,missing,missing,missing,missing,missing,missing,missing,missing,missing,missing,present,missing,missing,present,localized,present,localized,,categories;roas;toxicities;interactions;summary;saferUse
Amanita pantherina,app/src/main/assets/substances/root/Amanita pantherina.json,present,missing,missing,present,present,missing,missing,missing,missing,missing,missing,missing,missing,missing,missing,missing,missing,missing,missing,missing,missing,present,localized,present,localized,,categories;roas;toxicities;interactions;summary;saferUse;metabolism
Amantadine,app/src/main/assets/substances/root/Amantadine.json,present,missing,present,present,present,present,present,present,present,present,present,present,present,present,present,present,present,present,missing,missing,missing,present,localized,present,localized,halfToleranceInHours;zeroToleranceInHours,metabolism
Amfecloral,app/src/main/assets/substances/root/Amfecloral.json,present,missing,missing,present,present,missing,missing,missing,missing,present,missing,missing,missing,missing,missing,missing,missing,missing,present,missing,missing,present,localized,present,localized,,roas;toxicities;interactions;summary;saferUse
Amfepramone,app/src/main/assets/substances/root/Amfepramone.json,present,missing,missing,present,present,missing,missing,missing,missing,present,missing,missing,missing,missing,missing,missing,missing,missing,present,missing,missing,present,localized,present,localized,,roas;toxicities;interactions;summary;saferUse
Amfonelic acid,app/src/main/assets/substances/root/Amfonelic acid.json,present,missing,present,present,present,missing,missing,missing,missing,present,missing,missing,missing,missing,missing,missing,missing,missing,present,missing,missing,present,missing,present,missing,,roas;toxicities;interactions;summary;saferUse
Amineptine,app/src/main/assets/substances/root/Amineptine.json,present,missing,missing,present,present,missing,missing,missing,missing,present,missing,missing,missing,missing,missing,missing,missing,missing,present,missing,missing,present,missing,present,missing,,roas;toxicities;interactions;summary;saferUse
Amino(diphenylhydantoin) valeric acid,app/src/main/assets/substances/root/Amino(diphenylhydantoin) valeric acid.json,present,missing,missing,present,present,missing,missing,missing,missing,present,missing,missing,missing,missing,missing,missing,missing,missing,present,missing,missing,present,missing,present,missing,,roas;toxicities;interactions;summary;saferUse
Aminobutyric acid,app/src/main/assets/substances/root/Aminobutyric acid.json,present,missing,missing,present,present,missing,missing,missing,missing,present,missing,missing,missing,missing,missing,missing,missing,missing,missing,missing,missing,present,localized,present,localized,,roas;toxicities;interactions;summary;saferUse;metabolism
Aminorex,app/src/main/assets/substances/root/Aminorex.json,present,missing,missing,present,present,missing,missing,missing,missing,present,missing,missing,missing,missing,missing,missing,missing,missing,present,missing,missing,present,localized,present,localized,,roas;toxicities;interactions;summary;saferUse
Amisulpride,app/src/main/assets/substances/root/Amisulpride.json,present,missing,missing,present,present,missing,missing,missing,missing,present,missing,missing,missing,missing,missing,missing,missing,missing,present,present,missing,present,localized,present,localized,,roas;toxicities;interactions;summary;saferUse
Amitriptyline,app/src/main/assets/substances/root/Amitriptyline.json,present,missing,missing,present,present,missing,missing,missing,missing,present,missing,missing,missing,missing,missing,missing,missing,missing,present,present,missing,present,localized,present,localized,,roas;toxicities;interactions;summary;saferUse
Amobarbital,app/src/main/assets/substances/root/Amobarbital.json,present,missing,missing,present,present,missing,missing,missing,missing,present,missing,missing,missing,missing,missing,missing,missing,missing,present,missing,missing,present,localized,present,localized,,roas;toxicities;interactions;summary;saferUse
Amoxapine,app/src/main/assets/substances/root/Amoxapine.json,present,missing,missing,present,present,missing,missing,missing,missing,present,missing,missing,missing,missing,missing,missing,missing,missing,present,present,missing,present,localized,present,localized,,roas;toxicities;interactions;summary;saferUse
Amphetamine,app/src/main/assets/substances/root/Amphetamine.json,present,missing,present,present,present,present,present,present,present,present,present,present,present,present,present,present,present,present,missing,missing,missing,present,localized,present,localized,halfToleranceInHours;zeroToleranceInHours,metabolism
Anadenanthera peregrina,app/src/main/assets/substances/root/Anadenanthera peregrina.json,present,missing,present,present,present,missing,missing,missing,missing,present,missing,missing,missing,missing,missing,missing,missing,missing,present,missing,missing,present,localized,present,localized,,roas;toxicities;interactions;summary;saferUse
Aniracetam,app/src/main/assets/substances/root/Aniracetam.json,present,missing,present,present,present,present,present,present,empty,present,present,missing,missing,missing,missing,missing,present,present,missing,missing,missing,present,localized,present,localized,halfToleranceInHours;zeroToleranceInHours,toxicities;saferUse;metabolism
APICA,app/src/main/assets/substances/root/APICA.json,present,missing,present,present,present,present,present,present,present,present,missing,missing,missing,missing,missing,missing,missing,present,missing,missing,missing,present,same-as-name,present,same-as-name,halfToleranceInHours;zeroToleranceInHours,interactions;summary;saferUse;metabolism
Aprobarbital,app/src/main/assets/substances/root/Aprobarbital.json,present,missing,missing,present,present,missing,missing,missing,missing,present,missing,missing,missing,missing,missing,missing,missing,missing,present,missing,missing,present,localized,present,localized,,roas;toxicities;interactions;summary;saferUse
Apronal,app/src/main/assets/substances/root/Apronal.json,present,missing,missing,present,present,missing,missing,missing,missing,present,missing,missing,missing,missing,missing,missing,missing,missing,present,missing,missing,present,localized,present,localized,,roas;toxicities;interactions;summary;saferUse
Argyreia nervosa,app/src/main/assets/substances/root/Argyreia nervosa.json,present,missing,missing,present,present,missing,missing,missing,missing,missing,missing,missing,missing,missing,missing,missing,missing,missing,missing,missing,missing,present,localized,present,localized,,categories;roas;toxicities;interactions;summary;saferUse;metabolism
Aripiprazole,app/src/main/assets/substances/root/Aripiprazole.json,present,missing,missing,present,present,missing,missing,missing,missing,present,missing,missing,missing,missing,missing,missing,missing,missing,present,present,missing,present,localized,present,localized,,roas;toxicities;interactions;summary;saferUse
Armodafinil,app/src/main/assets/substances/root/Armodafinil.json,present,missing,present,present,present,present,present,present,present,present,present,missing,missing,missing,missing,missing,present,present,present,present,missing,present,localized,present,localized,halfToleranceInHours;zeroToleranceInHours,saferUse
Asenapine,app/src/main/assets/substances/root/Asenapine.json,present,missing,missing,present,present,missing,missing,missing,missing,present,missing,missing,missing,missing,missing,missing,missing,missing,present,present,missing,present,localized,present,localized,,roas;toxicities;interactions;summary;saferUse
Ashwagandha,app/src/main/assets/substances/root/Ashwagandha.json,present,missing,missing,present,present,missing,missing,missing,missing,present,missing,missing,missing,missing,missing,missing,missing,missing,present,missing,missing,present,localized,present,localized,,roas;toxicities;interactions;summary;saferUse
Aspirin,app/src/main/assets/substances/root/Aspirin.json,present,missing,present,present,present,missing,missing,missing,missing,present,missing,missing,missing,missing,missing,missing,missing,missing,missing,missing,missing,present,localized,present,localized,,roas;toxicities;interactions;summary;saferUse;metabolism
Atomoxetine,app/src/main/assets/substances/root/Atomoxetine.json,present,missing,present,present,present,missing,missing,missing,missing,present,missing,missing,missing,missing,missing,missing,missing,missing,present,present,missing,present,localized,present,localized,,roas;toxicities;interactions;summary;saferUse
Atropa belladonna,app/src/main/assets/substances/root/Atropa belladonna.json,present,missing,present,present,present,missing,missing,missing,missing,present,missing,missing,missing,missing,missing,missing,missing,missing,present,missing,missing,present,localized,present,localized,,roas;toxicities;interactions;summary;saferUse
Atropine,app/src/main/assets/substances/root/Atropine.json,present,missing,present,present,present,present,present,present,present,present,present,present,present,present,present,present,present,present,missing,missing,missing,present,localized,present,localized,halfToleranceInHours;zeroToleranceInHours,metabolism
Ayahuasca,app/src/main/assets/substances/root/Ayahuasca.json,present,missing,present,present,present,missing,empty,present,present,present,present,missing,missing,missing,missing,missing,missing,present,missing,missing,missing,present,localized,present,localized,,interactions;saferUse;metabolism
Baclofen,app/src/main/assets/substances/root/Baclofen.json,present,missing,present,present,present,present,present,present,present,present,present,missing,missing,missing,missing,missing,present,present,present,present,missing,present,localized,present,localized,zeroToleranceInHours,saferUse
Banisteriopsis caapi,app/src/main/assets/substances/root/Banisteriopsis caapi.json,present,missing,present,present,present,missing,missing,missing,missing,missing,missing,missing,missing,missing,missing,missing,missing,missing,present,missing,missing,present,localized,present,localized,,categories;roas;toxicities;interactions;summary;saferUse
Barbexaclone,app/src/main/assets/substances/root/Barbexaclone.json,present,missing,missing,present,present,missing,missing,missing,missing,present,missing,missing,missing,missing,missing,missing,missing,missing,missing,missing,missing,missing,no-overlay,missing,no-overlay,,roas;toxicities;interactions;summary;saferUse;metabolism
Barbital,app/src/main/assets/substances/root/Barbital.json,present,missing,missing,present,present,missing,missing,missing,missing,present,missing,missing,missing,missing,missing,missing,missing,missing,present,missing,missing,present,localized,present,localized,,roas;toxicities;interactions;summary;saferUse
Beclamide,app/src/main/assets/substances/root/Beclamide.json,present,missing,missing,present,present,missing,missing,missing,missing,present,missing,missing,missing,missing,missing,missing,missing,missing,present,missing,missing,present,localized,present,localized,,roas;toxicities;interactions;summary;saferUse
Benperidol,app/src/main/assets/substances/root/Benperidol.json,present,missing,missing,present,present,missing,missing,missing,missing,present,missing,missing,missing,missing,missing,missing,missing,missing,present,missing,missing,present,localized,present,localized,,roas;toxicities;interactions;summary;saferUse
Bentazepam,app/src/main/assets/substances/root/Bentazepam.json,present,missing,present,present,present,missing,missing,missing,missing,present,missing,missing,missing,missing,missing,missing,missing,missing,present,missing,missing,present,localized,present,localized,,roas;toxicities;interactions;summary;saferUse
Benzgalantamine,app/src/main/assets/substances/root/Benzgalantamine.json,present,missing,missing,present,present,missing,missing,missing,missing,present,missing,missing,missing,missing,missing,missing,missing,missing,present,present,missing,present,localized,present,localized,,roas;toxicities;interactions;summary;saferUse
Benzoctamine,app/src/main/assets/substances/root/Benzoctamine.json,present,missing,missing,present,present,missing,missing,missing,missing,present,missing,missing,missing,missing,missing,missing,missing,missing,present,missing,missing,present,localized,present,localized,,roas;toxicities;interactions;summary;saferUse
Benzodioxole-Fentanyl,app/src/main/assets/substances/root/Benzodioxole-Fentanyl.json,present,missing,missing,present,present,missing,missing,missing,missing,present,missing,missing,missing,missing,missing,missing,missing,missing,present,missing,missing,present,missing,present,missing,,roas;toxicities;interactions;summary;saferUse
Benzydamine,app/src/main/assets/substances/root/Benzydamine.json,present,missing,present,present,present,missing,empty,missing,present,present,present,missing,missing,missing,missing,missing,missing,present,missing,missing,missing,present,localized,present,localized,,interactions;saferUse;metabolism
Bezitramide,app/src/main/assets/substances/root/Bezitramide.json,present,missing,missing,present,present,missing,missing,missing,missing,present,missing,missing,missing,missing,missing,missing,missing,missing,present,missing,missing,present,localized,present,localized,,roas;toxicities;interactions;summary;saferUse
Bifemelane,app/src/main/assets/substances/root/Bifemelane.json,present,missing,missing,present,present,missing,missing,missing,missing,present,missing,missing,missing,missing,missing,missing,missing,missing,present,missing,missing,present,missing,present,missing,,roas;toxicities;interactions;summary;saferUse
Biperiden,app/src/main/assets/substances/root/Biperiden.json,present,missing,missing,present,present,missing,missing,missing,missing,present,missing,missing,missing,missing,missing,missing,missing,missing,present,missing,missing,present,localized,present,localized,,roas;toxicities;interactions;summary;saferUse
Blarcamesine,app/src/main/assets/substances/root/Blarcamesine.json,present,missing,missing,present,present,missing,missing,missing,missing,present,missing,missing,missing,missing,missing,missing,missing,missing,present,missing,missing,present,missing,present,missing,,roas;toxicities;interactions;summary;saferUse
Blue Lotus,app/src/main/assets/substances/root/Blue Lotus.json,present,missing,empty,present,present,missing,empty,missing,empty,empty,missing,missing,missing,missing,missing,missing,missing,present,missing,missing,missing,present,localized,present,localized,,categories;toxicities;interactions;summary;saferUse;metabolism
BOD,app/src/main/assets/substances/root/BOD.json,present,missing,missing,present,present,missing,missing,missing,missing,present,missing,missing,missing,missing,missing,missing,missing,missing,present,missing,missing,present,localized,present,localized,,roas;toxicities;interactions;summary;saferUse
Bornaprine,app/src/main/assets/substances/root/Bornaprine.json,present,missing,missing,present,present,missing,missing,missing,missing,present,missing,missing,missing,missing,missing,missing,missing,missing,present,missing,missing,present,localized,present,localized,,roas;toxicities;interactions;summary;saferUse
Brexanolone,app/src/main/assets/substances/root/Brexanolone.json,present,missing,missing,present,present,missing,missing,missing,missing,present,missing,missing,missing,missing,missing,missing,missing,missing,present,missing,missing,present,localized,present,localized,,roas;toxicities;interactions;summary;saferUse
Brexpiprazole,app/src/main/assets/substances/root/Brexpiprazole.json,present,missing,missing,present,present,missing,missing,missing,missing,present,missing,missing,missing,missing,missing,missing,missing,missing,present,present,missing,present,localized,present,localized,,roas;toxicities;interactions;summary;saferUse
Brivaracetam,app/src/main/assets/substances/root/Brivaracetam.json,present,missing,missing,present,present,missing,missing,missing,missing,present,missing,missing,missing,missing,missing,missing,missing,missing,present,present,missing,present,localized,present,localized,,roas;toxicities;interactions;summary;saferUse
Bromadol,app/src/main/assets/substances/root/Bromadol.json,present,missing,present,present,present,missing,missing,missing,missing,present,missing,missing,missing,missing,missing,missing,missing,missing,present,missing,missing,present,missing,present,missing,,roas;toxicities;interactions;summary;saferUse
Bromantane,app/src/main/assets/substances/root/Bromantane.json,present,missing,present,present,present,missing,empty,missing,empty,present,present,missing,missing,missing,missing,missing,missing,present,missing,missing,missing,present,localized,present,localized,,toxicities;interactions;saferUse;metabolism
Bromazepam,app/src/main/assets/substances/root/Bromazepam.json,present,missing,present,present,present,missing,empty,missing,present,present,present,missing,missing,missing,missing,missing,present,present,missing,missing,missing,present,localized,present,localized,,saferUse;metabolism
Bromazolam,app/src/main/assets/substances/root/Bromazolam.json,present,missing,present,present,present,missing,missing,missing,missing,present,missing,missing,missing,missing,missing,missing,missing,missing,present,present,missing,present,missing,present,missing,,roas;toxicities;interactions;summary;saferUse
Bromisoval,app/src/main/assets/substances/root/Bromisoval.json,present,missing,missing,present,present,missing,missing,missing,missing,present,missing,missing,missing,missing,missing,missing,missing,missing,present,missing,missing,present,localized,present,localized,,roas;toxicities;interactions;summary;saferUse
Bromo-DragonFLY,app/src/main/assets/substances/root/Bromo-DragonFLY.json,present,missing,present,present,present,present,present,present,present,present,present,missing,missing,missing,missing,missing,present,present,missing,missing,missing,present,localized,present,localized,halfToleranceInHours;zeroToleranceInHours,saferUse;metabolism
Bromperidol,app/src/main/assets/substances/root/Bromperidol.json,present,missing,missing,present,present,missing,missing,missing,missing,present,missing,missing,missing,missing,missing,missing,missing,missing,present,missing,missing,present,localized,present,localized,,roas;toxicities;interactions;summary;saferUse
Brotizolam,app/src/main/assets/substances/root/Brotizolam.json,present,missing,present,present,present,missing,missing,missing,missing,present,missing,missing,missing,missing,missing,missing,missing,missing,present,missing,missing,present,localized,present,localized,,roas;toxicities;interactions;summary;saferUse
Bufotenin,app/src/main/assets/substances/root/Bufotenin.json,present,missing,present,present,present,present,empty,present,present,present,missing,missing,missing,missing,missing,missing,present,present,missing,missing,missing,present,localized,present,localized,halfToleranceInHours;zeroToleranceInHours,summary;saferUse;metabolism
Buphedrone,app/src/main/assets/substances/root/Buphedrone.json,present,missing,missing,present,present,missing,missing,missing,missing,present,missing,missing,missing,missing,missing,missing,missing,missing,present,missing,missing,present,missing,present,missing,,roas;toxicities;interactions;summary;saferUse
Buprenorphine,app/src/main/assets/substances/root/Buprenorphine.json,present,missing,present,present,present,present,present,present,present,present,present,present,present,present,present,present,present,present,present,present,missing,present,localized,present,localized,halfToleranceInHours;zeroToleranceInHours,
Bupropion,app/src/main/assets/substances/root/Bupropion.json,present,missing,present,present,present,present,present,present,present,present,present,present,present,present,present,present,present,present,present,present,present,present,localized,present,localized,halfToleranceInHours;zeroToleranceInHours,
Buspirone,app/src/main/assets/substances/root/Buspirone.json,present,missing,missing,present,present,missing,missing,missing,missing,present,missing,missing,missing,missing,missing,missing,missing,missing,present,present,missing,present,localized,present,localized,,roas;toxicities;interactions;summary;saferUse
Butaperazine,app/src/main/assets/substances/root/Butaperazine.json,present,missing,missing,present,present,missing,missing,missing,missing,present,missing,missing,missing,missing,missing,missing,missing,missing,present,missing,missing,present,localized,present,localized,,roas;toxicities;interactions;summary;saferUse
Butobarbital,app/src/main/assets/substances/root/Butobarbital.json,present,missing,missing,present,present,missing,missing,missing,missing,present,missing,missing,missing,missing,missing,missing,missing,missing,present,missing,missing,present,localized,present,localized,,roas;toxicities;interactions;summary;saferUse
Butorphanol,app/src/main/assets/substances/root/Butorphanol.json,present,missing,missing,present,present,missing,missing,missing,missing,present,missing,missing,missing,missing,missing,missing,missing,missing,present,missing,missing,present,localized,present,localized,,roas;toxicities;interactions;summary;saferUse
Butriptyline,app/src/main/assets/substances/root/Butriptyline.json,present,missing,missing,present,present,missing,missing,missing,missing,present,missing,missing,missing,missing,missing,missing,missing,missing,present,missing,missing,present,localized,present,localized,,roas;toxicities;interactions;summary;saferUse
Butylone,app/src/main/assets/substances/root/Butylone.json,present,missing,present,present,present,present,present,present,present,present,present,missing,missing,missing,missing,missing,present,present,missing,missing,missing,present,localized,present,localized,halfToleranceInHours;zeroToleranceInHours,saferUse;metabolism
Butyrfentanyl,app/src/main/assets/substances/root/Butyrfentanyl.json,present,missing,present,present,present,missing,missing,missing,missing,present,missing,missing,missing,missing,missing,missing,missing,missing,present,missing,missing,present,localized,present,localized,,roas;toxicities;interactions;summary;saferUse
BZP,app/src/main/assets/substances/root/BZP.json,present,missing,missing,present,present,missing,missing,missing,missing,present,missing,missing,missing,missing,missing,missing,missing,missing,present,missing,missing,present,localized,present,localized,,roas;toxicities;interactions;summary;saferUse
C30-NBOMe,app/src/main/assets/substances/root/C30-NBOMe.json,present,missing,missing,present,present,missing,missing,missing,missing,present,missing,missing,missing,missing,missing,missing,missing,missing,missing,missing,missing,missing,no-overlay,missing,no-overlay,,roas;toxicities;interactions;summary;saferUse;metabolism
Caffeine,app/src/main/assets/substances/root/Caffeine.json,present,missing,present,present,present,present,empty,present,present,present,present,present,missing,present,present,present,present,present,missing,missing,missing,present,localized,present,localized,halfToleranceInHours;zeroToleranceInHours,metabolism
Calcium carbimide,app/src/main/assets/substances/root/Calcium carbimide.json,present,missing,missing,present,present,missing,missing,missing,missing,present,missing,missing,missing,missing,missing,missing,missing,missing,present,missing,missing,present,localized,present,localized,,roas;toxicities;interactions;summary;saferUse
Camazepam,app/src/main/assets/substances/root/Camazepam.json,present,missing,present,present,present,missing,missing,missing,missing,present,missing,missing,missing,missing,missing,missing,missing,missing,present,missing,missing,present,localized,present,localized,,roas;toxicities;interactions;summary;saferUse
Cannabidiol,app/src/main/assets/substances/root/Cannabidiol.json,present,missing,present,present,present,missing,empty,present,present,present,missing,missing,missing,missing,missing,missing,missing,present,missing,missing,missing,present,localized,present,localized,,interactions;summary;saferUse;metabolism
Cannabis,app/src/main/assets/substances/root/Cannabis.json,present,missing,present,present,present,present,present,present,missing,present,present,present,present,present,present,present,present,present,missing,missing,missing,present,localized,present,localized,halfToleranceInHours;zeroToleranceInHours,toxicities;metabolism
Captodiame,app/src/main/assets/substances/root/Captodiame.json,present,missing,missing,present,present,missing,missing,missing,missing,present,missing,missing,missing,missing,missing,missing,missing,missing,present,missing,missing,present,missing,present,missing,,roas;toxicities;interactions;summary;saferUse
Carbamazepine,app/src/main/assets/substances/root/Carbamazepine.json,present,missing,missing,present,present,missing,missing,missing,missing,present,missing,missing,missing,missing,missing,missing,missing,missing,present,present,present,present,localized,present,localized,,roas;toxicities;interactions;summary;saferUse
Carbromal,app/src/main/assets/substances/root/Carbromal.json,present,missing,missing,present,present,missing,missing,missing,missing,present,missing,missing,missing,missing,missing,missing,missing,missing,present,missing,missing,present,localized,present,localized,,roas;toxicities;interactions;summary;saferUse
Cariprazine,app/src/main/assets/substances/root/Cariprazine.json,present,missing,missing,present,present,missing,missing,missing,missing,present,missing,missing,missing,missing,missing,missing,missing,missing,present,present,missing,present,localized,present,localized,,roas;toxicities;interactions;summary;saferUse
Carisbamate,app/src/main/assets/substances/root/Carisbamate.json,present,missing,missing,present,present,missing,missing,missing,missing,present,missing,missing,missing,missing,missing,missing,missing,missing,present,missing,missing,present,missing,present,missing,,roas;toxicities;interactions;summary;saferUse
Carisoprodol,app/src/main/assets/substances/root/Carisoprodol.json,present,missing,present,present,present,missing,empty,present,present,present,present,missing,missing,missing,missing,missing,present,present,missing,missing,missing,present,localized,present,localized,,saferUse;metabolism
Cathine,app/src/main/assets/substances/root/Cathine.json,present,missing,missing,present,present,missing,missing,missing,missing,present,missing,missing,missing,missing,missing,missing,missing,missing,present,missing,missing,present,localized,present,localized,,roas;toxicities;interactions;summary;saferUse
Cathinone,app/src/main/assets/substances/root/Cathinone.json,present,missing,missing,present,present,missing,missing,missing,missing,missing,missing,missing,missing,missing,missing,missing,missing,missing,present,missing,missing,present,localized,present,localized,,categories;roas;toxicities;interactions;summary;saferUse
Cenobamate,app/src/main/assets/substances/root/Cenobamate.json,present,missing,missing,present,present,missing,missing,missing,missing,present,missing,missing,missing,missing,missing,missing,missing,missing,present,present,missing,present,localized,present,localized,,roas;toxicities;interactions;summary;saferUse
CH-BINACA,app/src/main/assets/substances/root/CH-BINACA.json,present,missing,missing,present,present,missing,missing,missing,missing,present,missing,missing,missing,missing,missing,missing,missing,missing,missing,missing,missing,missing,no-overlay,missing,no-overlay,,roas;toxicities;interactions;summary;saferUse;metabolism
Changa,app/src/main/assets/substances/root/Changa.json,present,missing,missing,present,present,missing,missing,missing,missing,present,missing,missing,missing,missing,missing,missing,"partial-missing:unsafe,uncertain",missing,present,missing,missing,present,localized,present,localized,,roas;toxicities;interactions;summary;saferUse
Chloral betaine,app/src/main/assets/substances/root/Chloral betaine.json,present,missing,missing,present,present,missing,missing,missing,missing,present,missing,missing,missing,missing,missing,missing,missing,missing,present,missing,missing,present,localized,present,localized,,roas;toxicities;interactions;summary;saferUse
Chloral hydrate,app/src/main/assets/substances/root/Chloral hydrate.json,present,missing,present,present,present,missing,missing,missing,missing,present,missing,missing,missing,missing,missing,missing,missing,missing,present,missing,missing,present,localized,present,localized,,roas;toxicities;interactions;summary;saferUse
Chloralodol,app/src/main/assets/substances/root/Chloralodol.json,present,missing,missing,present,present,missing,missing,missing,missing,present,missing,missing,missing,missing,missing,missing,missing,missing,present,missing,missing,present,missing,present,missing,,roas;toxicities;interactions;summary;saferUse
Chlordiazepoxide,app/src/main/assets/substances/root/Chlordiazepoxide.json,present,missing,present,present,present,missing,missing,missing,missing,present,missing,missing,missing,missing,missing,missing,missing,missing,present,present,missing,present,localized,present,localized,,roas;toxicities;interactions;summary;saferUse
Chloroform,app/src/main/assets/substances/root/Chloroform.json,present,missing,missing,present,present,missing,missing,missing,missing,present,missing,missing,missing,missing,missing,missing,missing,missing,present,missing,missing,present,localized,present,localized,,roas;toxicities;interactions;summary;saferUse
Chlorproethazine,app/src/main/assets/substances/root/Chlorproethazine.json,present,missing,missing,present,present,missing,missing,missing,missing,present,missing,missing,missing,missing,missing,missing,missing,missing,present,missing,missing,present,localized,present,localized,,roas;toxicities;interactions;summary;saferUse
Chlorpromazine,app/src/main/assets/substances/root/Chlorpromazine.json,present,missing,missing,present,present,missing,missing,missing,missing,present,missing,missing,missing,missing,missing,missing,missing,missing,present,present,missing,present,localized,present,localized,,roas;toxicities;interactions;summary;saferUse
Chlorprothixene,app/src/main/assets/substances/root/Chlorprothixene.json,present,missing,missing,present,present,missing,missing,missing,missing,present,missing,missing,missing,missing,missing,missing,missing,missing,present,missing,missing,present,localized,present,localized,,roas;toxicities;interactions;summary;saferUse
Choline bitartrate,app/src/main/assets/substances/root/Choline bitartrate.json,present,missing,present,present,present,present,empty,present,present,present,missing,missing,missing,missing,missing,missing,missing,present,missing,missing,missing,present,localized,present,localized,halfToleranceInHours;zeroToleranceInHours,interactions;summary;saferUse;metabolism
Cinolazepam,app/src/main/assets/substances/root/Cinolazepam.json,present,missing,present,present,present,missing,missing,missing,missing,present,missing,missing,missing,missing,missing,missing,missing,missing,present,missing,missing,present,localized,present,localized,,roas;toxicities;interactions;summary;saferUse
Citalopram,app/src/main/assets/substances/root/Citalopram.json,present,missing,present,present,present,missing,missing,missing,missing,present,missing,missing,missing,missing,missing,missing,missing,missing,present,present,missing,present,localized,present,localized,,roas;toxicities;interactions;summary;saferUse
Citicoline,app/src/main/assets/substances/root/Citicoline.json,present,missing,present,present,present,missing,empty,present,present,present,missing,missing,missing,missing,missing,missing,missing,present,missing,missing,missing,present,localized,present,localized,,interactions;summary;saferUse;metabolism
Clobazam,app/src/main/assets/substances/root/Clobazam.json,present,missing,present,present,present,missing,missing,missing,missing,present,missing,missing,missing,missing,missing,missing,missing,missing,present,present,missing,present,localized,present,localized,,roas;toxicities;interactions;summary;saferUse
Clobenzorex,app/src/main/assets/substances/root/Clobenzorex.json,present,missing,missing,present,present,missing,missing,missing,missing,present,missing,missing,missing,missing,missing,missing,missing,missing,present,missing,missing,present,localized,present,localized,,roas;toxicities;interactions;summary;saferUse
Clomethiazole,app/src/main/assets/substances/root/Clomethiazole.json,present,missing,missing,present,present,missing,missing,missing,missing,present,missing,missing,missing,missing,missing,missing,missing,missing,present,missing,missing,present,localized,present,localized,,roas;toxicities;interactions;summary;saferUse
Clomipramine,app/src/main/assets/substances/root/Clomipramine.json,present,missing,missing,present,present,missing,missing,missing,missing,present,missing,missing,missing,missing,missing,missing,missing,missing,present,present,missing,present,localized,present,localized,,roas;toxicities;interactions;summary;saferUse
Clonazepam,app/src/main/assets/substances/root/Clonazepam.json,present,missing,present,present,present,present,present,present,present,present,present,missing,missing,missing,missing,missing,present,present,present,present,missing,present,localized,present,localized,zeroToleranceInHours,saferUse
Clonazolam,app/src/main/assets/substances/root/Clonazolam.json,present,missing,present,present,present,present,present,present,present,present,present,missing,missing,missing,missing,missing,present,present,missing,missing,missing,present,localized,present,localized,zeroToleranceInHours,saferUse;metabolism
Clonidine,app/src/main/assets/substances/root/Clonidine.json,present,missing,present,present,present,missing,empty,present,empty,present,present,missing,missing,missing,missing,missing,present,present,present,present,present,present,localized,present,localized,,toxicities;saferUse
Cloniprazepam,app/src/main/assets/substances/root/Cloniprazepam.json,present,missing,missing,present,present,missing,missing,missing,missing,present,missing,missing,missing,missing,missing,missing,missing,missing,present,missing,missing,present,missing,present,missing,,roas;toxicities;interactions;summary;saferUse
Clonitazene,app/src/main/assets/substances/root/Clonitazene.json,present,missing,missing,present,present,missing,missing,missing,missing,present,missing,missing,missing,missing,missing,missing,missing,missing,present,missing,missing,present,localized,present,localized,,roas;toxicities;interactions;summary;saferUse
Clopenthixol,app/src/main/assets/substances/root/Clopenthixol.json,present,missing,missing,present,present,missing,missing,missing,missing,present,missing,missing,missing,missing,missing,missing,missing,missing,present,missing,missing,present,localized,present,localized,,roas;toxicities;interactions;summary;saferUse
Clorazepate,app/src/main/assets/substances/root/Clorazepate.json,present,missing,present,present,present,missing,missing,missing,missing,present,missing,missing,missing,missing,missing,missing,missing,missing,present,present,missing,present,localized,present,localized,,roas;toxicities;interactions;summary;saferUse
Clotiapine,app/src/main/assets/substances/root/Clotiapine.json,present,missing,missing,present,present,missing,missing,missing,missing,present,missing,missing,missing,missing,missing,missing,missing,missing,present,missing,missing,present,localized,present,localized,,roas;toxicities;interactions;summary;saferUse
Clotiazepam,app/src/main/assets/substances/root/Clotiazepam.json,present,missing,present,present,present,missing,missing,missing,missing,present,missing,missing,missing,missing,missing,missing,missing,missing,present,missing,missing,present,localized,present,localized,,roas;toxicities;interactions;summary;saferUse
Cloxazolam,app/src/main/assets/substances/root/Cloxazolam.json,present,missing,missing,present,present,missing,missing,missing,missing,present,missing,missing,missing,missing,missing,missing,missing,missing,present,missing,missing,present,localized,present,localized,,roas;toxicities;interactions;summary;saferUse
Clozapine,app/src/main/assets/substances/root/Clozapine.json,present,missing,missing,present,present,missing,missing,missing,missing,present,missing,missing,missing,missing,missing,missing,missing,missing,present,present,missing,present,localized,present,localized,,roas;toxicities;interactions;summary;saferUse
Coca,app/src/main/assets/substances/root/Coca.json,present,missing,missing,present,present,missing,missing,missing,missing,missing,missing,missing,missing,missing,missing,missing,missing,missing,missing,missing,missing,present,localized,present,localized,,categories;roas;toxicities;interactions;summary;saferUse;metabolism
Cocaine,app/src/main/assets/substances/root/Cocaine.json,present,missing,present,present,present,present,present,present,present,present,present,present,missing,present,present,present,present,present,missing,missing,missing,present,localized,present,localized,halfToleranceInHours;zeroToleranceInHours,metabolism
Cocoa,app/src/main/assets/substances/root/Cocoa.json,present,missing,missing,present,present,missing,missing,missing,missing,missing,missing,missing,missing,missing,missing,missing,missing,missing,missing,missing,missing,present,localized,present,localized,,categories;roas;toxicities;interactions;summary;saferUse;metabolism
Codeine,app/src/main/assets/substances/root/Codeine.json,present,missing,present,present,present,present,present,present,present,present,present,present,present,present,present,present,present,present,present,present,missing,present,localized,present,localized,halfToleranceInHours;zeroToleranceInHours,
Coluracetam,app/src/main/assets/substances/root/Coluracetam.json,present,missing,present,present,present,present,present,present,present,present,present,missing,missing,missing,missing,missing,present,present,missing,missing,missing,present,localized,present,localized,halfToleranceInHours;zeroToleranceInHours,saferUse;metabolism
Coronaridine,app/src/main/assets/substances/root/Coronaridine.json,present,missing,missing,present,present,missing,missing,missing,missing,present,missing,missing,missing,missing,missing,missing,missing,missing,present,missing,missing,present,missing,present,missing,,roas;toxicities;interactions;summary;saferUse
Creatine,app/src/main/assets/substances/root/Creatine.json,present,missing,present,present,present,missing,empty,present,empty,present,missing,missing,missing,missing,missing,missing,missing,present,missing,missing,missing,present,localized,present,localized,,toxicities;interactions;summary;saferUse;metabolism
CRL-40-940,app/src/main/assets/substances/root/CRL-40-940.json,present,missing,present,present,present,missing,missing,missing,missing,present,missing,missing,missing,missing,missing,missing,missing,missing,present,missing,missing,present,missing,present,missing,,roas;toxicities;interactions;summary;saferUse
CRL-40-941,app/src/main/assets/substances/root/CRL-40-941.json,present,missing,present,present,present,missing,missing,missing,missing,present,missing,missing,missing,missing,missing,missing,missing,missing,present,missing,missing,present,localized,present,localized,,roas;toxicities;interactions;summary;saferUse
CUMYL-FUBINACA,app/src/main/assets/substances/root/CUMYL-FUBINACA.json,present,missing,missing,present,present,missing,missing,missing,missing,present,missing,missing,missing,missing,missing,missing,missing,missing,missing,missing,missing,missing,no-overlay,missing,no-overlay,,roas;toxicities;interactions;summary;saferUse;metabolism
CUMYL-PMINACA,app/src/main/assets/substances/root/CUMYL-PMINACA.json,present,missing,missing,present,present,missing,missing,missing,missing,present,missing,missing,missing,missing,missing,missing,missing,missing,missing,missing,missing,missing,no-overlay,missing,no-overlay,,roas;toxicities;interactions;summary;saferUse;metabolism
Cyamemazine,app/src/main/assets/substances/root/Cyamemazine.json,present,missing,missing,present,present,missing,missing,missing,missing,present,missing,missing,missing,missing,missing,missing,missing,missing,present,missing,missing,present,localized,present,localized,,roas;toxicities;interactions;summary;saferUse
Cychlorphine,app/src/main/assets/substances/root/Cychlorphine.json,present,missing,missing,present,present,missing,missing,missing,missing,present,missing,missing,missing,missing,missing,missing,missing,missing,missing,missing,missing,missing,no-overlay,missing,no-overlay,,roas;toxicities;interactions;summary;saferUse;metabolism
Cyclazodone,app/src/main/assets/substances/root/Cyclazodone.json,present,missing,present,present,present,present,present,missing,present,present,missing,missing,missing,missing,missing,missing,present,present,missing,missing,missing,present,localized,present,same-as-name,halfToleranceInHours;zeroToleranceInHours,summary;saferUse;metabolism
Cyclizine,app/src/main/assets/substances/root/Cyclizine.json,present,missing,missing,present,present,missing,missing,missing,missing,present,missing,missing,missing,missing,missing,missing,missing,missing,present,missing,missing,present,localized,present,localized,,roas;toxicities;interactions;summary;saferUse
Cyclo-Methiodrone,app/src/main/assets/substances/root/Cyclo-Methiodrone.json,present,missing,missing,present,present,missing,missing,missing,missing,present,missing,missing,missing,missing,missing,missing,missing,missing,present,missing,missing,present,missing,present,missing,,roas;toxicities;interactions;summary;saferUse
Cyclobarbital,app/src/main/assets/substances/root/Cyclobarbital.json,present,missing,missing,present,present,missing,missing,missing,missing,present,missing,missing,missing,missing,missing,missing,missing,missing,present,missing,missing,present,localized,present,localized,,roas;toxicities;interactions;summary;saferUse
Cyclobenzaprine,app/src/main/assets/substances/root/Cyclobenzaprine.json,present,missing,present,present,present,missing,missing,missing,missing,present,missing,missing,missing,missing,missing,missing,missing,missing,present,present,missing,present,localized,present,localized,,roas;toxicities;interactions;summary;saferUse
Cyclopentyl-Fentanyl,app/src/main/assets/substances/root/Cyclopentyl-Fentanyl.json,present,missing,present,present,present,missing,missing,missing,missing,present,missing,missing,missing,missing,missing,missing,missing,missing,present,missing,missing,present,localized,present,localized,,roas;toxicities;interactions;summary;saferUse
Cyclopropylmescaline,app/src/main/assets/substances/root/Cyclopropylmescaline.json,present,missing,present,present,present,missing,missing,missing,missing,present,missing,missing,missing,missing,missing,missing,missing,missing,present,missing,missing,present,localized,present,localized,,roas;toxicities;interactions;summary;saferUse
Cytisinicline,app/src/main/assets/substances/root/Cytisinicline.json,present,missing,missing,present,present,missing,missing,missing,missing,present,missing,missing,missing,missing,missing,missing,missing,missing,present,missing,missing,present,localized,present,localized,,roas;toxicities;interactions;summary;saferUse
D2PM,app/src/main/assets/substances/root/D2PM.json,present,missing,present,present,present,missing,missing,missing,missing,present,missing,missing,missing,missing,missing,missing,missing,missing,present,missing,missing,present,missing,present,missing,,roas;toxicities;interactions;summary;saferUse
DALT,app/src/main/assets/substances/root/DALT.json,present,missing,present,present,present,missing,missing,missing,missing,present,missing,missing,missing,missing,missing,missing,missing,missing,present,missing,missing,present,missing,present,missing,,roas;toxicities;interactions;summary;saferUse
Daridorexant,app/src/main/assets/substances/root/Daridorexant.json,present,missing,missing,present,present,missing,missing,missing,missing,present,missing,missing,missing,missing,missing,missing,missing,missing,present,present,missing,present,localized,present,localized,,roas;toxicities;interactions;summary;saferUse
Datura (botany),app/src/main/assets/substances/root/Datura (botany).json,present,missing,missing,present,present,missing,missing,missing,missing,missing,missing,missing,missing,missing,missing,missing,missing,missing,missing,missing,missing,present,localized,present,localized,,categories;roas;toxicities;interactions;summary;saferUse;metabolism
Datura,app/src/main/assets/substances/root/Datura.json,present,missing,present,present,present,present,empty,present,present,present,present,missing,missing,missing,missing,missing,missing,present,missing,missing,missing,present,localized,present,localized,halfToleranceInHours;zeroToleranceInHours,interactions;saferUse;metabolism
Deanol,app/src/main/assets/substances/root/Deanol.json,present,missing,missing,present,present,missing,missing,missing,missing,present,missing,missing,missing,missing,missing,missing,missing,missing,present,missing,missing,present,localized,present,localized,,roas;toxicities;interactions;summary;saferUse
Delorazepam,app/src/main/assets/substances/root/Delorazepam.json,present,missing,present,present,present,missing,missing,missing,missing,present,missing,missing,missing,missing,missing,missing,missing,missing,present,missing,missing,present,localized,present,localized,,roas;toxicities;interactions;summary;saferUse
Delta-8-THC-methylcarbonate,app/src/main/assets/substances/root/Delta-8-THC-methylcarbonate.json,present,missing,missing,present,present,missing,missing,missing,missing,present,missing,missing,missing,missing,missing,missing,missing,missing,missing,missing,missing,present,localized,present,localized,,roas;toxicities;interactions;summary;saferUse;metabolism
Delta-9-THCB-O-butanoate,app/src/main/assets/substances/root/Delta-9-THCB-O-butanoate.json,present,missing,missing,present,present,missing,missing,missing,missing,present,missing,missing,missing,missing,missing,missing,missing,missing,missing,missing,missing,present,localized,present,localized,,roas;toxicities;interactions;summary;saferUse;metabolism
Delta-9-THCP-methylcarbonate,app/src/main/assets/substances/root/Delta-9-THCP-methylcarbonate.json,present,missing,missing,present,present,missing,missing,missing,missing,present,missing,missing,missing,missing,missing,missing,missing,missing,missing,missing,missing,present,localized,present,localized,,roas;toxicities;interactions;summary;saferUse;metabolism
Delta-9-THCP-O-butanoate,app/src/main/assets/substances/root/Delta-9-THCP-O-butanoate.json,present,missing,missing,present,present,missing,missing,missing,missing,present,missing,missing,missing,missing,missing,missing,missing,missing,missing,missing,missing,present,localized,present,localized,,roas;toxicities;interactions;summary;saferUse;metabolism
Deoxymethoxetamine,app/src/main/assets/substances/root/Deoxymethoxetamine.json,present,missing,missing,present,present,missing,missing,missing,missing,present,missing,missing,missing,missing,missing,missing,missing,missing,present,missing,missing,present,localized,present,localized,,roas;toxicities;interactions;summary;saferUse
Deschloroetizolam,app/src/main/assets/substances/root/Deschloroetizolam.json,present,missing,present,present,present,present,present,present,present,present,present,missing,missing,missing,missing,missing,missing,present,missing,missing,missing,present,localized,present,localized,zeroToleranceInHours,interactions;saferUse;metabolism
Deschloroketamine,app/src/main/assets/substances/root/Deschloroketamine.json,present,missing,present,present,present,present,present,present,present,present,present,missing,missing,missing,missing,missing,present,present,missing,missing,missing,present,localized,present,localized,halfToleranceInHours;zeroToleranceInHours,saferUse;metabolism
Desipramine,app/src/main/assets/substances/root/Desipramine.json,present,missing,missing,present,present,missing,missing,missing,missing,present,missing,missing,missing,missing,missing,missing,missing,missing,present,present,missing,present,localized,present,localized,,roas;toxicities;interactions;summary;saferUse
Desmethylflunitrazepam,app/src/main/assets/substances/root/Desmethylflunitrazepam.json,present,missing,present,present,present,missing,missing,missing,missing,present,missing,missing,missing,missing,missing,missing,missing,missing,present,missing,missing,present,localized,present,localized,,roas;toxicities;interactions;summary;saferUse
Desomorphine,app/src/main/assets/substances/root/Desomorphine.json,present,missing,present,present,present,missing,present,missing,empty,present,missing,missing,missing,missing,missing,missing,missing,present,missing,missing,missing,present,localized,present,localized,,toxicities;interactions;summary;saferUse;metabolism
Desoxypipradrol,app/src/main/assets/substances/root/Desoxypipradrol.json,present,missing,present,present,present,present,present,present,empty,present,missing,missing,missing,missing,missing,missing,present,present,missing,missing,missing,present,localized,present,localized,halfToleranceInHours;zeroToleranceInHours,toxicities;summary;saferUse;metabolism
Desvenlafaxine,app/src/main/assets/substances/root/Desvenlafaxine.json,present,missing,missing,present,present,missing,missing,missing,missing,present,missing,missing,missing,missing,missing,missing,missing,missing,present,present,missing,present,localized,present,localized,,roas;toxicities;interactions;summary;saferUse
DET,app/src/main/assets/substances/root/DET.json,present,missing,present,present,present,present,present,present,present,present,present,missing,missing,missing,missing,missing,missing,present,missing,missing,missing,present,same-as-name,present,same-as-name,halfToleranceInHours;zeroToleranceInHours,interactions;saferUse;metabolism
Dexetimide,app/src/main/assets/substances/root/Dexetimide.json,present,missing,missing,present,present,missing,missing,missing,missing,present,missing,missing,missing,missing,missing,missing,missing,missing,present,missing,missing,present,localized,present,localized,,roas;toxicities;interactions;summary;saferUse
Dexfenfluramine,app/src/main/assets/substances/root/Dexfenfluramine.json,present,missing,missing,present,present,missing,missing,missing,missing,present,missing,missing,missing,missing,missing,missing,missing,missing,present,missing,missing,present,localized,present,localized,,roas;toxicities;interactions;summary;saferUse
Dexmedetomidine,app/src/main/assets/substances/root/Dexmedetomidine.json,present,missing,missing,present,present,missing,missing,missing,missing,present,missing,missing,missing,missing,missing,missing,missing,missing,present,present,missing,present,localized,present,localized,,roas;toxicities;interactions;summary;saferUse
Dexmethylphenidate,app/src/main/assets/substances/root/Dexmethylphenidate.json,present,missing,missing,present,present,missing,missing,missing,missing,present,missing,missing,missing,missing,missing,missing,missing,missing,present,present,missing,present,localized,present,localized,,roas;toxicities;interactions;summary;saferUse
Dextroamphetamine,app/src/main/assets/substances/root/Dextroamphetamine.json,present,missing,present,present,present,missing,empty,missing,empty,present,missing,missing,missing,missing,missing,missing,present,present,missing,missing,missing,present,localized,present,localized,,toxicities;summary;saferUse;metabolism
Dextromethorphan,app/src/main/assets/substances/root/Dextromethorphan.json,present,missing,present,present,present,present,present,present,present,present,present,present,present,present,missing,empty,present,present,missing,missing,missing,present,localized,present,localized,halfToleranceInHours;zeroToleranceInHours,saferUse;metabolism
Dextromoramide,app/src/main/assets/substances/root/Dextromoramide.json,present,missing,present,present,present,missing,missing,missing,missing,present,missing,missing,missing,missing,missing,missing,missing,missing,present,missing,missing,present,localized,present,localized,,roas;toxicities;interactions;summary;saferUse
Dextropropoxyphene,app/src/main/assets/substances/root/Dextropropoxyphene.json,present,missing,present,present,present,present,present,present,present,present,present,missing,missing,missing,missing,missing,present,present,missing,missing,missing,present,localized,present,localized,halfToleranceInHours;zeroToleranceInHours,saferUse;metabolism
Dezocine,app/src/main/assets/substances/root/Dezocine.json,present,missing,missing,present,present,missing,missing,missing,missing,present,missing,missing,missing,missing,missing,missing,missing,missing,present,missing,missing,present,localized,present,localized,,roas;toxicities;interactions;summary;saferUse
Diazepam,app/src/main/assets/substances/root/Diazepam.json,present,missing,present,present,present,present,present,present,present,present,present,present,missing,present,present,present,present,present,present,present,missing,present,localized,present,localized,zeroToleranceInHours,
Dibenzepin,app/src/main/assets/substances/root/Dibenzepin.json,present,missing,missing,present,present,missing,missing,missing,missing,present,missing,missing,missing,missing,missing,missing,missing,missing,present,missing,missing,present,localized,present,localized,,roas;toxicities;interactions;summary;saferUse
Dichloralphenazone,app/src/main/assets/substances/root/Dichloralphenazone.json,present,missing,missing,present,present,missing,missing,missing,missing,present,missing,missing,missing,missing,missing,missing,missing,missing,present,missing,missing,present,localized,present,localized,,roas;toxicities;interactions;summary;saferUse
Dichloropane,app/src/main/assets/substances/root/Dichloropane.json,present,missing,present,present,present,present,present,present,empty,present,missing,missing,missing,missing,missing,missing,present,present,missing,missing,missing,present,localized,present,localized,halfToleranceInHours;zeroToleranceInHours,toxicities;summary;saferUse;metabolism
Diclazepam,app/src/main/assets/substances/root/Diclazepam.json,present,missing,present,present,present,present,present,present,present,present,present,missing,missing,missing,missing,missing,missing,present,missing,missing,missing,present,localized,present,localized,zeroToleranceInHours,interactions;saferUse;metabolism
Diclofensine,app/src/main/assets/substances/root/Diclofensine.json,present,missing,present,present,present,missing,missing,missing,missing,present,missing,missing,missing,missing,missing,missing,missing,missing,present,missing,missing,present,missing,present,missing,,roas;toxicities;interactions;summary;saferUse
Diethyl ether,app/src/main/assets/substances/root/Diethyl ether.json,present,missing,present,present,present,missing,missing,missing,missing,present,missing,missing,missing,missing,missing,missing,missing,missing,present,missing,missing,present,localized,present,localized,,roas;toxicities;interactions;summary;saferUse
Dihydrocodeine,app/src/main/assets/substances/root/Dihydrocodeine.json,present,missing,present,present,present,present,present,present,present,present,present,missing,missing,missing,missing,missing,present,present,missing,missing,missing,present,localized,present,localized,halfToleranceInHours;zeroToleranceInHours,saferUse;metabolism
Dimdazenil,app/src/main/assets/substances/root/Dimdazenil.json,present,missing,missing,present,present,missing,missing,missing,missing,present,missing,missing,missing,missing,missing,missing,missing,missing,present,missing,missing,present,missing,present,missing,,roas;toxicities;interactions;summary;saferUse
Dimemebfe,app/src/main/assets/substances/root/Dimemebfe.json,present,missing,present,present,present,missing,missing,missing,missing,present,missing,missing,missing,missing,missing,missing,missing,missing,present,missing,missing,present,missing,present,missing,,roas;toxicities;interactions;summary;saferUse
Dimenhydrinate,app/src/main/assets/substances/root/Dimenhydrinate.json,present,missing,missing,present,present,missing,missing,missing,missing,present,missing,missing,missing,missing,missing,missing,missing,missing,present,missing,missing,present,localized,present,localized,,roas;toxicities;interactions;summary;saferUse
Dimetacrine,app/src/main/assets/substances/root/Dimetacrine.json,present,missing,missing,present,present,missing,missing,missing,missing,present,missing,missing,missing,missing,missing,missing,missing,missing,present,missing,missing,present,missing,present,missing,,roas;toxicities;interactions;summary;saferUse
Dimethocaine,app/src/main/assets/substances/root/Dimethocaine.json,present,missing,present,present,present,missing,missing,missing,missing,present,missing,missing,missing,missing,missing,missing,missing,missing,present,missing,missing,present,localized,present,localized,,roas;toxicities;interactions;summary;saferUse
Diphenhydramine,app/src/main/assets/substances/root/Diphenhydramine.json,present,missing,present,present,present,present,present,present,present,present,present,missing,missing,missing,missing,missing,missing,present,missing,missing,missing,present,localized,present,localized,zeroToleranceInHours,interactions;saferUse;metabolism
Diphenidine,app/src/main/assets/substances/root/Diphenidine.json,present,missing,present,present,present,present,present,present,present,present,present,missing,missing,missing,missing,missing,present,present,missing,missing,missing,present,localized,present,localized,halfToleranceInHours;zeroToleranceInHours,saferUse;metabolism
Dipipanone,app/src/main/assets/substances/root/Dipipanone.json,present,missing,present,present,present,missing,missing,missing,missing,present,missing,missing,missing,missing,missing,missing,missing,missing,present,missing,missing,present,localized,present,localized,,roas;toxicities;interactions;summary;saferUse
DiPT,app/src/main/assets/substances/root/DiPT.json,present,missing,present,present,present,present,present,present,present,present,present,missing,missing,missing,missing,missing,missing,present,missing,missing,missing,present,localized,present,same-as-name,halfToleranceInHours;zeroToleranceInHours,interactions;saferUse;metabolism
Disulfiram,app/src/main/assets/substances/root/Disulfiram.json,present,missing,missing,present,present,missing,missing,missing,missing,present,missing,missing,missing,missing,missing,missing,missing,missing,present,missing,missing,present,localized,present,localized,,roas;toxicities;interactions;summary;saferUse
Dixyrazine,app/src/main/assets/substances/root/Dixyrazine.json,present,missing,missing,present,present,missing,missing,missing,missing,present,missing,missing,missing,missing,missing,missing,missing,missing,present,missing,missing,present,localized,present,localized,,roas;toxicities;interactions;summary;saferUse
DMAA,app/src/main/assets/substances/root/DMAA.json,present,missing,missing,present,present,missing,missing,missing,missing,present,missing,missing,missing,missing,missing,missing,missing,missing,present,missing,missing,present,localized,present,localized,,roas;toxicities;interactions;summary;saferUse
DMT,app/src/main/assets/substances/root/DMT.json,present,missing,present,present,present,present,present,present,present,present,present,present,present,present,present,present,present,present,missing,missing,missing,present,same-as-name,present,same-as-name,,metabolism
DOB,app/src/main/assets/substances/root/DOB.json,present,missing,present,present,present,present,present,present,present,present,present,present,missing,present,present,present,present,present,missing,missing,missing,present,localized,present,localized,halfToleranceInHours;zeroToleranceInHours,metabolism
DOC,app/src/main/assets/substances/root/DOC.json,present,missing,present,present,present,present,present,present,present,present,present,missing,missing,missing,missing,missing,present,present,missing,missing,missing,present,localized,present,localized,halfToleranceInHours;zeroToleranceInHours,saferUse;metabolism
DOET,app/src/main/assets/substances/root/DOET.json,present,missing,present,present,present,missing,missing,missing,missing,present,missing,missing,missing,missing,missing,missing,missing,missing,present,missing,missing,present,missing,present,missing,,roas;toxicities;interactions;summary;saferUse
DOI,app/src/main/assets/substances/root/DOI.json,present,missing,present,present,present,present,present,present,present,present,present,present,missing,present,present,present,present,present,missing,missing,missing,present,localized,present,localized,halfToleranceInHours;zeroToleranceInHours,metabolism
DOIP,app/src/main/assets/substances/root/DOIP.json,present,missing,missing,present,present,missing,missing,missing,missing,present,missing,missing,missing,missing,missing,missing,missing,missing,present,missing,missing,present,missing,present,missing,,roas;toxicities;interactions;summary;saferUse
DOM,app/src/main/assets/substances/root/DOM.json,present,missing,present,present,present,present,present,present,present,present,present,present,missing,present,present,present,present,present,missing,missing,missing,present,same-as-name,present,same-as-name,halfToleranceInHours;zeroToleranceInHours,metabolism
DON,app/src/main/assets/substances/root/DON.json,present,missing,missing,present,present,missing,missing,missing,missing,present,missing,missing,missing,missing,missing,missing,missing,missing,present,missing,missing,present,missing,present,missing,,roas;toxicities;interactions;summary;saferUse
Donepezil,app/src/main/assets/substances/root/Donepezil.json,present,missing,missing,present,present,missing,missing,missing,missing,present,missing,missing,missing,missing,missing,missing,missing,missing,present,present,missing,present,localized,present,localized,,roas;toxicities;interactions;summary;saferUse
DOPR,app/src/main/assets/substances/root/DOPR.json,present,missing,missing,present,present,missing,missing,missing,missing,present,missing,missing,missing,missing,missing,missing,missing,missing,present,missing,missing,present,missing,present,missing,,roas;toxicities;interactions;summary;saferUse
Dosulepin,app/src/main/assets/substances/root/Dosulepin.json,present,missing,missing,present,present,missing,missing,missing,missing,present,missing,missing,missing,missing,missing,missing,missing,missing,present,missing,missing,present,localized,present,localized,,roas;toxicities;interactions;summary;saferUse
Doxefazepam,app/src/main/assets/substances/root/Doxefazepam.json,present,missing,missing,present,present,missing,missing,missing,missing,present,missing,missing,missing,missing,missing,missing,missing,missing,present,missing,missing,present,localized,present,localized,,roas;toxicities;interactions;summary;saferUse
Doxepin,app/src/main/assets/substances/root/Doxepin.json,present,missing,missing,present,present,missing,missing,missing,missing,present,missing,missing,missing,missing,missing,missing,missing,missing,present,present,missing,present,localized,present,localized,,roas;toxicities;interactions;summary;saferUse
Doxylamine,app/src/main/assets/substances/root/Doxylamine.json,present,missing,missing,present,present,missing,missing,missing,missing,present,missing,missing,missing,missing,missing,missing,missing,missing,present,missing,missing,present,localized,present,localized,,roas;toxicities;interactions;summary;saferUse
DPT,app/src/main/assets/substances/root/DPT.json,present,missing,present,present,present,missing,empty,present,present,present,present,missing,missing,missing,missing,missing,missing,present,missing,missing,missing,present,same-as-name,present,same-as-name,,interactions;saferUse;metabolism
Droperidol,app/src/main/assets/substances/root/Droperidol.json,present,missing,missing,present,present,missing,missing,missing,missing,present,missing,missing,missing,missing,missing,missing,missing,missing,present,missing,missing,present,localized,present,localized,,roas;toxicities;interactions;summary;saferUse
Duloxetine,app/src/main/assets/substances/root/Duloxetine.json,present,missing,missing,present,present,missing,missing,missing,missing,present,missing,missing,missing,missing,missing,missing,missing,missing,present,present,missing,present,localized,present,localized,,roas;toxicities;interactions;summary;saferUse
Echinopsis lageniformis,app/src/main/assets/substances/root/Echinopsis lageniformis.json,present,missing,missing,present,present,missing,missing,missing,missing,missing,missing,missing,missing,missing,missing,missing,missing,missing,missing,missing,missing,present,localized,present,localized,,categories;roas;toxicities;interactions;summary;saferUse;metabolism
Echinopsis pachanoi,app/src/main/assets/substances/root/Echinopsis pachanoi.json,present,missing,missing,present,present,missing,missing,missing,missing,missing,missing,missing,missing,missing,missing,missing,missing,missing,missing,missing,missing,present,localized,present,localized,,categories;roas;toxicities;interactions;summary;saferUse;metabolism
Echinopsis peruviana,app/src/main/assets/substances/root/Echinopsis peruviana.json,present,missing,missing,present,present,missing,missing,missing,missing,missing,missing,missing,missing,missing,missing,missing,missing,missing,missing,missing,missing,present,localized,present,localized,,categories;roas;toxicities;interactions;summary;saferUse;metabolism
EDMB-4en-PINACA,app/src/main/assets/substances/root/EDMB-4en-PINACA.json,present,missing,missing,present,present,missing,missing,missing,missing,present,missing,missing,missing,missing,missing,missing,missing,missing,missing,missing,missing,missing,no-overlay,missing,no-overlay,,roas;toxicities;interactions;summary;saferUse;metabolism
Efavirenz,app/src/main/assets/substances/root/Efavirenz.json,present,missing,present,present,present,missing,empty,present,present,present,missing,missing,missing,missing,missing,missing,present,present,missing,missing,missing,present,localized,present,localized,,summary;saferUse;metabolism
EFLEA,app/src/main/assets/substances/root/EFLEA.json,present,missing,missing,present,present,missing,missing,missing,missing,present,missing,missing,missing,missing,missing,missing,missing,missing,missing,missing,missing,missing,no-overlay,missing,no-overlay,,roas;toxicities;interactions;summary;saferUse;metabolism
Emylcamate,app/src/main/assets/substances/root/Emylcamate.json,present,missing,missing,present,present,missing,missing,missing,missing,present,missing,missing,missing,missing,missing,missing,missing,missing,present,missing,missing,present,localized,present,localized,,roas;toxicities;interactions;summary;saferUse
Ephedrine,app/src/main/assets/substances/root/Ephedrine.json,present,missing,present,present,present,missing,empty,missing,empty,present,present,present,missing,present,present,present,missing,present,missing,missing,missing,present,localized,present,localized,,toxicities;interactions;metabolism
Ephenidine,app/src/main/assets/substances/root/Ephenidine.json,present,missing,present,present,present,present,present,present,present,present,present,missing,missing,missing,missing,missing,present,present,missing,missing,missing,present,localized,present,localized,halfToleranceInHours;zeroToleranceInHours,saferUse;metabolism
Ephylone,app/src/main/assets/substances/root/Ephylone.json,present,missing,present,present,present,present,empty,present,present,present,missing,missing,missing,missing,missing,missing,present,present,missing,missing,missing,present,localized,present,same-as-name,,summary;saferUse;metabolism
EPT,app/src/main/assets/substances/root/EPT.json,present,missing,present,present,present,present,present,present,present,present,present,missing,missing,missing,missing,missing,missing,present,missing,missing,missing,present,same-as-name,present,same-as-name,halfToleranceInHours;zeroToleranceInHours,interactions;saferUse;metabolism
Escaline,app/src/main/assets/substances/root/Escaline.json,present,missing,present,present,present,present,present,present,present,present,present,missing,missing,missing,missing,missing,present,present,missing,missing,missing,present,localized,present,same-as-name,halfToleranceInHours;zeroToleranceInHours,saferUse;metabolism
Escitalopram,app/src/main/assets/substances/root/Escitalopram.json,present,missing,present,present,present,missing,missing,missing,missing,present,missing,missing,missing,missing,missing,missing,missing,missing,present,present,missing,present,localized,present,localized,,roas;toxicities;interactions;summary;saferUse
Esketamine,app/src/main/assets/substances/root/Esketamine.json,present,missing,missing,present,present,missing,missing,missing,missing,present,missing,missing,missing,missing,missing,missing,missing,missing,present,present,missing,present,localized,present,localized,,roas;toxicities;interactions;summary;saferUse
Eslicarbazepine,app/src/main/assets/substances/root/Eslicarbazepine.json,present,missing,missing,present,present,missing,missing,missing,missing,present,missing,missing,missing,missing,missing,missing,missing,missing,present,present,missing,present,localized,present,localized,,roas;toxicities;interactions;summary;saferUse
Estazolam,app/src/main/assets/substances/root/Estazolam.json,present,missing,present,present,present,missing,missing,missing,missing,present,missing,missing,missing,missing,missing,missing,missing,missing,present,present,missing,present,localized,present,localized,,roas;toxicities;interactions;summary;saferUse
Eszopiclone,app/src/main/assets/substances/root/Eszopiclone.json,present,missing,present,present,present,present,present,present,present,present,present,missing,missing,missing,missing,missing,missing,present,present,present,missing,present,localized,present,localized,zeroToleranceInHours,interactions;saferUse
Etallobarbital,app/src/main/assets/substances/root/Etallobarbital.json,present,missing,missing,present,present,missing,missing,missing,missing,present,missing,missing,missing,missing,missing,missing,missing,missing,present,missing,missing,present,localized,present,localized,,roas;toxicities;interactions;summary;saferUse
ETH-CAT,app/src/main/assets/substances/root/ETH-CAT.json,present,missing,present,present,present,present,present,present,present,present,missing,missing,missing,missing,missing,missing,present,present,missing,missing,missing,present,same-as-name,present,same-as-name,halfToleranceInHours;zeroToleranceInHours,summary;saferUse;metabolism
ETH-LAD,app/src/main/assets/substances/root/ETH-LAD.json,present,missing,present,present,present,present,present,present,present,present,present,missing,missing,missing,missing,missing,present,present,missing,missing,missing,present,same-as-name,present,same-as-name,halfToleranceInHours;zeroToleranceInHours,saferUse;metabolism
Ethadione,app/src/main/assets/substances/root/Ethadione.json,present,missing,missing,present,present,missing,missing,missing,missing,present,missing,missing,missing,missing,missing,missing,missing,missing,present,missing,missing,present,localized,present,localized,,roas;toxicities;interactions;summary;saferUse
Ethaqualone,app/src/main/assets/substances/root/Ethaqualone.json,present,missing,present,present,present,missing,missing,missing,missing,present,missing,missing,missing,missing,missing,missing,missing,missing,present,missing,missing,present,localized,present,localized,,roas;toxicities;interactions;summary;saferUse
Ethchlorvynol,app/src/main/assets/substances/root/Ethchlorvynol.json,present,missing,present,present,present,missing,missing,missing,missing,present,missing,missing,missing,missing,missing,missing,missing,missing,present,missing,missing,present,localized,present,localized,,roas;toxicities;interactions;summary;saferUse
Ethketamine,app/src/main/assets/substances/root/Ethketamine.json,present,missing,present,present,present,missing,missing,missing,missing,present,missing,missing,missing,missing,missing,missing,missing,missing,present,missing,missing,present,localized,present,localized,,roas;toxicities;interactions;summary;saferUse
Ethosuximide,app/src/main/assets/substances/root/Ethosuximide.json,present,missing,missing,present,present,missing,missing,missing,missing,present,missing,missing,missing,missing,missing,missing,missing,missing,present,missing,missing,present,localized,present,localized,,roas;toxicities;interactions;summary;saferUse
Ethotoin,app/src/main/assets/substances/root/Ethotoin.json,present,missing,missing,present,present,missing,missing,missing,missing,present,missing,missing,missing,missing,missing,missing,missing,missing,present,missing,missing,present,localized,present,localized,,roas;toxicities;interactions;summary;saferUse
Ethyl loflazepate,app/src/main/assets/substances/root/Ethyl loflazepate.json,present,missing,present,present,present,missing,missing,missing,missing,present,missing,missing,missing,missing,missing,missing,missing,missing,present,missing,missing,present,localized,present,localized,,roas;toxicities;interactions;summary;saferUse
Ethylbromazolam,app/src/main/assets/substances/root/Ethylbromazolam.json,present,missing,missing,present,present,missing,missing,missing,missing,present,missing,missing,missing,missing,missing,missing,missing,missing,missing,missing,missing,missing,no-overlay,missing,no-overlay,,roas;toxicities;interactions;summary;saferUse;metabolism
Ethylene isotonitazepyne,app/src/main/assets/substances/root/Ethylene isotonitazepyne.json,present,missing,missing,present,present,missing,missing,missing,missing,present,missing,missing,missing,missing,missing,missing,missing,missing,missing,missing,missing,missing,no-overlay,missing,no-overlay,,roas;toxicities;interactions;summary;saferUse;metabolism
Ethylmorphine,app/src/main/assets/substances/root/Ethylmorphine.json,present,missing,present,present,present,present,present,present,present,present,present,missing,missing,missing,missing,missing,present,present,missing,missing,missing,present,localized,present,localized,halfToleranceInHours;zeroToleranceInHours,saferUse;metabolism
Ethylone,app/src/main/assets/substances/root/Ethylone.json,present,missing,present,present,present,present,present,present,present,present,present,missing,missing,missing,missing,missing,present,present,missing,missing,missing,present,localized,present,localized,halfToleranceInHours;zeroToleranceInHours,saferUse;metabolism
Ethylphenidate,app/src/main/assets/substances/root/Ethylphenidate.json,present,missing,present,present,present,present,present,present,present,present,present,missing,missing,missing,missing,missing,present,present,missing,missing,missing,present,localized,present,localized,halfToleranceInHours;zeroToleranceInHours,saferUse;metabolism
Etifoxine,app/src/main/assets/substances/root/Etifoxine.json,present,missing,missing,present,present,missing,missing,missing,missing,present,missing,missing,missing,missing,missing,missing,missing,missing,present,missing,missing,present,localized,present,localized,,roas;toxicities;interactions;summary;saferUse
Etilamfetamine,app/src/main/assets/substances/root/Etilamfetamine.json,present,missing,missing,present,present,missing,missing,missing,missing,present,missing,missing,missing,missing,missing,missing,missing,missing,present,missing,missing,present,localized,present,localized,,roas;toxicities;interactions;summary;saferUse
Etizolam,app/src/main/assets/substances/root/Etizolam.json,present,missing,present,present,present,present,present,present,present,present,present,present,present,present,present,present,missing,present,missing,missing,missing,present,localized,present,localized,zeroToleranceInHours,interactions;metabolism
Etoperidone,app/src/main/assets/substances/root/Etoperidone.json,present,missing,missing,present,present,missing,missing,missing,missing,present,missing,missing,missing,missing,missing,missing,missing,missing,present,missing,missing,present,localized,present,localized,,roas;toxicities;interactions;summary;saferUse
F-Phenibut,app/src/main/assets/substances/root/F-Phenibut.json,present,missing,present,present,present,present,present,present,present,present,missing,missing,missing,missing,missing,missing,present,present,missing,missing,missing,present,localized,present,same-as-name,zeroToleranceInHours,summary;saferUse;metabolism
Fabomotizole,app/src/main/assets/substances/root/Fabomotizole.json,present,missing,missing,present,present,missing,missing,missing,missing,present,missing,missing,missing,missing,missing,missing,missing,missing,present,missing,missing,present,localized,present,localized,,roas;toxicities;interactions;summary;saferUse
Fasoracetam,app/src/main/assets/substances/root/Fasoracetam.json,present,missing,missing,present,present,missing,missing,missing,missing,present,missing,missing,missing,missing,missing,missing,missing,missing,present,missing,missing,present,localized,present,localized,,roas;toxicities;interactions;summary;saferUse
Felbamate,app/src/main/assets/substances/root/Felbamate.json,present,missing,missing,present,present,missing,missing,missing,missing,present,missing,missing,missing,missing,missing,missing,missing,missing,present,present,missing,present,localized,present,localized,,roas;toxicities;interactions;summary;saferUse
Fencamfamin,app/src/main/assets/substances/root/Fencamfamin.json,present,missing,missing,present,present,missing,missing,missing,missing,present,missing,missing,missing,missing,missing,missing,missing,missing,present,missing,missing,present,localized,present,localized,,roas;toxicities;interactions;summary;saferUse
Fenethylline,app/src/main/assets/substances/root/Fenethylline.json,present,missing,present,present,present,missing,empty,missing,empty,present,missing,missing,missing,missing,missing,missing,present,present,missing,missing,missing,present,localized,present,localized,,toxicities;summary;saferUse;metabolism
Fenfluramine,app/src/main/assets/substances/root/Fenfluramine.json,present,missing,missing,present,present,missing,missing,missing,missing,present,missing,missing,missing,missing,missing,missing,missing,missing,present,missing,missing,present,localized,present,localized,,roas;toxicities;interactions;summary;saferUse
Fenozolone,app/src/main/assets/substances/root/Fenozolone.json,present,missing,missing,present,present,missing,missing,missing,missing,present,missing,missing,missing,missing,missing,missing,missing,missing,present,missing,missing,present,localized,present,localized,,roas;toxicities;interactions;summary;saferUse
Fentanyl,app/src/main/assets/substances/root/Fentanyl.json,present,missing,present,present,present,present,present,present,present,present,present,present,present,present,present,present,present,present,missing,missing,missing,present,localized,present,localized,halfToleranceInHours;zeroToleranceInHours,metabolism
Fipexide,app/src/main/assets/substances/root/Fipexide.json,present,missing,missing,present,present,missing,missing,missing,missing,present,missing,missing,missing,missing,missing,missing,missing,missing,present,missing,missing,present,localized,present,localized,,roas;toxicities;interactions;summary;saferUse
Flualprazolam,app/src/main/assets/substances/root/Flualprazolam.json,present,missing,present,present,present,missing,empty,missing,empty,present,present,present,missing,present,present,present,present,present,missing,missing,missing,present,localized,present,localized,,toxicities;metabolism
Fluanisone,app/src/main/assets/substances/root/Fluanisone.json,present,missing,missing,present,present,missing,missing,missing,missing,present,missing,missing,missing,missing,missing,missing,missing,missing,present,missing,missing,present,localized,present,localized,,roas;toxicities;interactions;summary;saferUse
Flubromazepam,app/src/main/assets/substances/root/Flubromazepam.json,present,missing,present,present,present,present,present,present,present,present,present,missing,missing,missing,missing,missing,missing,present,missing,missing,missing,present,localized,present,localized,zeroToleranceInHours,interactions;saferUse;metabolism
Flubromazolam,app/src/main/assets/substances/root/Flubromazolam.json,present,missing,present,present,present,present,present,present,present,present,present,missing,missing,missing,missing,missing,missing,present,missing,missing,missing,present,localized,present,localized,zeroToleranceInHours,interactions;saferUse;metabolism
Fluclotizolam,app/src/main/assets/substances/root/Fluclotizolam.json,present,missing,missing,present,present,missing,missing,missing,missing,present,missing,missing,missing,missing,missing,missing,missing,missing,present,missing,missing,present,missing,present,missing,,roas;toxicities;interactions;summary;saferUse
Fludiazepam,app/src/main/assets/substances/root/Fludiazepam.json,present,missing,missing,present,present,missing,missing,missing,missing,present,missing,missing,missing,missing,missing,missing,missing,missing,present,missing,missing,present,localized,present,localized,,roas;toxicities;interactions;summary;saferUse
Flumazenil,app/src/main/assets/substances/root/Flumazenil.json,present,missing,missing,present,present,missing,missing,missing,missing,missing,missing,missing,missing,missing,missing,missing,missing,missing,missing,missing,missing,present,localized,present,localized,,categories;roas;toxicities;interactions;summary;saferUse;metabolism
Flunitrazepam,app/src/main/assets/substances/root/Flunitrazepam.json,present,missing,present,present,present,present,present,present,present,present,present,present,missing,present,present,present,missing,present,missing,missing,missing,present,localized,present,localized,zeroToleranceInHours,interactions;metabolism
Flunitrazolam,app/src/main/assets/substances/root/Flunitrazolam.json,present,missing,present,present,present,present,present,present,present,present,present,missing,missing,missing,missing,missing,missing,present,missing,missing,missing,present,localized,present,localized,zeroToleranceInHours,interactions;saferUse;metabolism
Fluorolintane,app/src/main/assets/substances/root/Fluorolintane.json,present,missing,missing,present,present,missing,missing,missing,missing,present,missing,missing,missing,missing,missing,missing,missing,missing,present,missing,missing,present,missing,present,missing,,roas;toxicities;interactions;summary;saferUse
Fluoxetine,app/src/main/assets/substances/root/Fluoxetine.json,present,missing,present,present,present,missing,missing,missing,missing,present,missing,missing,missing,missing,missing,missing,missing,missing,present,present,missing,present,localized,present,localized,,roas;toxicities;interactions;summary;saferUse
Flupentixol,app/src/main/assets/substances/root/Flupentixol.json,present,missing,missing,present,present,missing,missing,missing,missing,present,missing,missing,missing,missing,missing,missing,missing,missing,present,missing,missing,present,localized,present,localized,,roas;toxicities;interactions;summary;saferUse
Fluphenazine,app/src/main/assets/substances/root/Fluphenazine.json,present,missing,missing,present,present,missing,missing,missing,missing,present,missing,missing,missing,missing,missing,missing,missing,missing,present,missing,missing,present,localized,present,localized,,roas;toxicities;interactions;summary;saferUse
Flurazepam,app/src/main/assets/substances/root/Flurazepam.json,present,missing,present,present,present,missing,missing,missing,missing,present,missing,missing,missing,missing,missing,missing,missing,missing,present,present,missing,present,localized,present,localized,,roas;toxicities;interactions;summary;saferUse
Fluspirilene,app/src/main/assets/substances/root/Fluspirilene.json,present,missing,missing,present,present,missing,missing,missing,missing,present,missing,missing,missing,missing,missing,missing,missing,missing,present,missing,missing,present,localized,present,localized,,roas;toxicities;interactions;summary;saferUse
Flutazolam,app/src/main/assets/substances/root/Flutazolam.json,present,missing,missing,present,present,missing,missing,missing,missing,present,missing,missing,missing,missing,missing,missing,missing,missing,present,missing,missing,present,localized,present,localized,,roas;toxicities;interactions;summary;saferUse
Flutoprazepam,app/src/main/assets/substances/root/Flutoprazepam.json,present,missing,present,present,present,missing,missing,missing,missing,present,missing,missing,missing,missing,missing,missing,missing,missing,present,missing,missing,present,localized,present,localized,,roas;toxicities;interactions;summary;saferUse
Fluvoxamine,app/src/main/assets/substances/root/Fluvoxamine.json,present,missing,present,present,present,missing,missing,missing,missing,present,missing,missing,missing,missing,missing,missing,missing,missing,present,present,missing,present,localized,present,localized,,roas;toxicities;interactions;summary;saferUse
Fosphenytoin,app/src/main/assets/substances/root/Fosphenytoin.json,present,missing,missing,present,present,missing,missing,missing,missing,present,missing,missing,missing,missing,missing,missing,missing,missing,present,present,missing,present,localized,present,localized,,roas;toxicities;interactions;summary;saferUse
Furanylfentanyl,app/src/main/assets/substances/root/Furanylfentanyl.json,present,missing,present,present,present,missing,missing,missing,missing,present,missing,missing,missing,missing,missing,missing,missing,missing,present,missing,missing,present,localized,present,localized,,roas;toxicities;interactions;summary;saferUse
FXE,app/src/main/assets/substances/root/FXE.json,present,missing,missing,present,present,missing,missing,missing,missing,present,missing,missing,missing,missing,missing,missing,missing,missing,missing,missing,missing,present,missing,present,missing,,roas;toxicities;interactions;summary;saferUse;metabolism
G-130,app/src/main/assets/substances/root/G-130.json,present,missing,missing,present,present,missing,missing,missing,missing,present,missing,missing,missing,missing,missing,missing,missing,missing,present,missing,missing,present,missing,present,missing,,roas;toxicities;interactions;summary;saferUse
GABA,app/src/main/assets/substances/root/GABA.json,present,missing,missing,present,present,missing,missing,missing,missing,present,missing,missing,missing,missing,missing,missing,missing,missing,present,missing,missing,present,localized,present,localized,,roas;toxicities;interactions;summary;saferUse
Gabapentin,app/src/main/assets/substances/root/Gabapentin.json,present,missing,present,present,present,present,empty,missing,present,present,present,missing,missing,missing,missing,missing,present,present,present,present,missing,present,localized,present,localized,zeroToleranceInHours,saferUse
Gaboxadol,app/src/main/assets/substances/root/Gaboxadol.json,present,missing,empty,present,present,missing,empty,missing,empty,present,missing,missing,missing,missing,missing,missing,missing,present,missing,missing,missing,present,localized,present,localized,,toxicities;interactions;summary;saferUse;metabolism
Galantamine,app/src/main/assets/substances/root/Galantamine.json,present,missing,present,present,present,missing,empty,present,present,present,missing,missing,missing,missing,missing,missing,missing,present,present,present,missing,present,localized,present,localized,,interactions;summary;saferUse
Ganaxolone,app/src/main/assets/substances/root/Ganaxolone.json,present,missing,missing,present,present,missing,missing,missing,missing,present,missing,missing,missing,missing,missing,missing,missing,missing,present,present,missing,present,localized,present,localized,,roas;toxicities;interactions;summary;saferUse
GBL,app/src/main/assets/substances/root/GBL.json,present,missing,present,present,present,present,empty,present,empty,present,present,present,present,present,present,present,present,present,missing,missing,missing,present,same-as-name,present,same-as-name,zeroToleranceInHours,toxicities;metabolism
Gedocarnil,app/src/main/assets/substances/root/Gedocarnil.json,present,missing,missing,present,present,missing,missing,missing,missing,present,missing,missing,missing,missing,missing,missing,missing,missing,present,missing,missing,present,missing,present,missing,,roas;toxicities;interactions;summary;saferUse
Gepirone,app/src/main/assets/substances/root/Gepirone.json,present,missing,missing,present,present,missing,missing,missing,missing,present,missing,missing,missing,missing,missing,missing,missing,missing,present,present,missing,present,localized,present,localized,,roas;toxicities;interactions;summary;saferUse
GHB,app/src/main/assets/substances/root/GHB.json,present,missing,present,present,present,present,empty,present,present,present,present,present,missing,present,present,present,present,present,missing,missing,missing,present,same-as-name,present,same-as-name,zeroToleranceInHours,metabolism
Ginkgo biloba,app/src/main/assets/substances/root/Ginkgo biloba.json,present,missing,missing,present,present,missing,missing,missing,missing,present,missing,missing,missing,missing,missing,missing,missing,missing,present,missing,missing,present,localized,present,localized,,roas;toxicities;interactions;summary;saferUse
Glaucine,app/src/main/assets/substances/root/Glaucine.json,present,missing,missing,present,present,missing,missing,missing,missing,present,missing,missing,missing,missing,missing,missing,missing,missing,missing,missing,missing,present,localized,present,localized,,roas;toxicities;interactions;summary;saferUse;metabolism
Glutethimide,app/src/main/assets/substances/root/Glutethimide.json,present,missing,present,present,present,missing,missing,missing,missing,present,missing,missing,missing,missing,missing,missing,missing,missing,present,missing,missing,present,localized,present,localized,,roas;toxicities;interactions;summary;saferUse
Grayanotoxin,app/src/main/assets/substances/root/Grayanotoxin.json,present,missing,missing,present,present,missing,missing,missing,missing,present,missing,missing,missing,missing,missing,missing,partial-missing:uncertain,missing,missing,missing,missing,present,localized,present,localized,,roas;toxicities;interactions;summary;saferUse;metabolism
Guanfacine,app/src/main/assets/substances/root/Guanfacine.json,present,missing,missing,present,present,missing,missing,missing,missing,present,missing,missing,missing,missing,missing,missing,missing,missing,present,present,present,present,localized,present,localized,,roas;toxicities;interactions;summary;saferUse
Halazepam,app/src/main/assets/substances/root/Halazepam.json,present,missing,present,present,present,missing,missing,missing,missing,present,missing,missing,missing,missing,missing,missing,missing,missing,present,missing,missing,present,localized,present,localized,,roas;toxicities;interactions;summary;saferUse
Haloperidol,app/src/main/assets/substances/root/Haloperidol.json,present,missing,present,present,present,missing,empty,missing,present,present,missing,missing,missing,missing,missing,missing,missing,present,present,present,missing,present,localized,present,localized,,interactions;summary;saferUse
Halothane,app/src/main/assets/substances/root/Halothane.json,present,missing,missing,present,present,missing,missing,missing,missing,present,missing,missing,missing,missing,missing,missing,missing,missing,present,missing,missing,present,localized,present,localized,,roas;toxicities;interactions;summary;saferUse
HDEP-28,app/src/main/assets/substances/root/HDEP-28.json,present,missing,present,present,present,missing,missing,missing,missing,present,missing,missing,missing,missing,missing,missing,missing,missing,present,missing,missing,present,missing,present,missing,,roas;toxicities;interactions;summary;saferUse
Heptabarbital,app/src/main/assets/substances/root/Heptabarbital.json,present,missing,missing,present,present,missing,missing,missing,missing,present,missing,missing,missing,missing,missing,missing,missing,missing,present,missing,missing,present,localized,present,localized,,roas;toxicities;interactions;summary;saferUse
Heroin,app/src/main/assets/substances/root/Heroin.json,present,missing,present,present,present,present,present,missing,empty,present,present,present,present,present,present,present,present,present,missing,missing,missing,present,localized,present,localized,halfToleranceInHours;zeroToleranceInHours,toxicities;metabolism
Hexapropymate,app/src/main/assets/substances/root/Hexapropymate.json,present,missing,missing,present,present,missing,missing,missing,missing,present,missing,missing,missing,missing,missing,missing,missing,missing,present,missing,missing,present,localized,present,localized,,roas;toxicities;interactions;summary;saferUse
Hexedrone,app/src/main/assets/substances/root/Hexedrone.json,present,missing,present,present,present,present,present,present,empty,present,present,missing,missing,missing,missing,missing,missing,present,missing,missing,missing,present,localized,present,localized,halfToleranceInHours;zeroToleranceInHours,toxicities;interactions;saferUse;metabolism
Hexobarbital,app/src/main/assets/substances/root/Hexobarbital.json,present,missing,missing,present,present,missing,missing,missing,missing,present,missing,missing,missing,missing,missing,missing,missing,missing,present,missing,missing,present,localized,present,localized,,roas;toxicities;interactions;summary;saferUse
HHC-C8,app/src/main/assets/substances/root/HHC-C8.json,present,missing,missing,present,present,missing,missing,missing,missing,present,missing,missing,missing,missing,missing,missing,missing,missing,missing,missing,missing,missing,no-overlay,missing,no-overlay,,roas;toxicities;interactions;summary;saferUse;metabolism
HHC-C9,app/src/main/assets/substances/root/HHC-C9.json,present,missing,missing,present,present,missing,missing,missing,missing,present,missing,missing,missing,missing,missing,missing,missing,missing,missing,missing,missing,missing,no-overlay,missing,no-overlay,,roas;toxicities;interactions;summary;saferUse;metabolism
HHC-TBDMS,app/src/main/assets/substances/root/HHC-TBDMS.json,present,missing,missing,present,present,missing,missing,missing,missing,present,missing,missing,missing,missing,missing,missing,missing,missing,missing,missing,missing,missing,no-overlay,missing,no-overlay,,roas;toxicities;interactions;summary;saferUse;metabolism
HHCH-O-acetate,app/src/main/assets/substances/root/HHCH-O-acetate.json,present,missing,missing,present,present,missing,missing,missing,missing,present,missing,missing,missing,missing,missing,missing,missing,missing,missing,missing,missing,missing,no-overlay,missing,no-overlay,,roas;toxicities;interactions;summary;saferUse;metabolism
HHCP-TBDMS,app/src/main/assets/substances/root/HHCP-TBDMS.json,present,missing,missing,present,present,missing,missing,missing,missing,present,missing,missing,missing,missing,missing,missing,missing,missing,missing,missing,missing,missing,no-overlay,missing,no-overlay,,roas;toxicities;interactions;summary;saferUse;metabolism
Homomazindol,app/src/main/assets/substances/root/Homomazindol.json,present,missing,missing,present,present,missing,missing,missing,missing,present,missing,missing,missing,missing,missing,missing,missing,missing,present,missing,missing,present,localized,present,localized,,roas;toxicities;interactions;summary;saferUse
Homosildenafil,app/src/main/assets/substances/root/Homosildenafil.json,present,missing,missing,present,present,missing,missing,missing,missing,present,missing,missing,missing,missing,missing,missing,missing,missing,missing,missing,missing,present,localized,present,localized,,roas;toxicities;interactions;summary;saferUse;metabolism
HOT-2,app/src/main/assets/substances/root/HOT-2.json,present,missing,present,present,present,missing,missing,missing,missing,present,missing,missing,missing,missing,missing,missing,missing,missing,present,missing,missing,present,missing,present,missing,,roas;toxicities;interactions;summary;saferUse
HOT-7,app/src/main/assets/substances/root/HOT-7.json,present,missing,present,present,present,missing,missing,missing,missing,present,missing,missing,missing,missing,missing,missing,missing,missing,present,missing,missing,present,missing,present,missing,,roas;toxicities;interactions;summary;saferUse
HUPERZINE-A,app/src/main/assets/substances/root/HUPERZINE-A.json,present,missing,present,present,present,missing,missing,missing,missing,present,missing,missing,missing,missing,missing,missing,missing,missing,present,missing,missing,present,localized,present,localized,,roas;toxicities;interactions;summary;saferUse
HXE,app/src/main/assets/substances/root/HXE.json,present,missing,present,present,present,present,present,present,empty,present,missing,missing,missing,missing,missing,missing,missing,present,missing,missing,missing,present,same-as-name,present,same-as-name,halfToleranceInHours;zeroToleranceInHours,toxicities;interactions;summary;saferUse;metabolism
Hydrocodone,app/src/main/assets/substances/root/Hydrocodone.json,present,missing,present,present,present,present,present,present,present,present,present,missing,missing,missing,missing,missing,present,present,missing,missing,missing,present,localized,present,localized,halfToleranceInHours;zeroToleranceInHours,saferUse;metabolism
Hydromethylthionine,app/src/main/assets/substances/root/Hydromethylthionine.json,present,missing,missing,present,present,missing,missing,missing,missing,present,missing,missing,missing,missing,missing,missing,missing,missing,present,missing,missing,present,localized,present,localized,,roas;toxicities;interactions;summary;saferUse
Hydromorphone,app/src/main/assets/substances/root/Hydromorphone.json,present,missing,present,present,present,missing,present,missing,empty,present,present,missing,missing,missing,missing,missing,present,present,missing,missing,missing,present,localized,present,localized,,toxicities;saferUse;metabolism
Hydroxyzine,app/src/main/assets/substances/root/Hydroxyzine.json,present,missing,present,present,present,missing,missing,missing,missing,present,missing,missing,missing,missing,missing,missing,missing,missing,present,present,missing,present,localized,present,localized,,roas;toxicities;interactions;summary;saferUse
Hyoscyamus niger (botany),app/src/main/assets/substances/root/Hyoscyamus niger (botany).json,present,missing,missing,present,present,missing,missing,missing,missing,missing,missing,missing,missing,missing,missing,missing,missing,missing,missing,missing,missing,present,localized,present,localized,,categories;roas;toxicities;interactions;summary;saferUse;metabolism
Ibogaine,app/src/main/assets/substances/root/Ibogaine.json,present,missing,present,present,present,missing,empty,present,empty,present,present,missing,missing,missing,missing,missing,missing,present,missing,missing,missing,present,localized,present,localized,,toxicities;interactions;saferUse;metabolism
Ibotenic acid,app/src/main/assets/substances/root/Ibotenic acid.json,present,missing,missing,present,present,missing,missing,missing,missing,present,missing,missing,missing,missing,missing,missing,missing,missing,present,missing,missing,present,localized,present,localized,,roas;toxicities;interactions;summary;saferUse
Ibuprofen,app/src/main/assets/substances/root/Ibuprofen.json,present,missing,missing,present,present,missing,missing,missing,missing,present,missing,missing,missing,missing,missing,missing,missing,missing,missing,missing,missing,present,localized,present,localized,,roas;toxicities;interactions;summary;saferUse;metabolism
Idebenone,app/src/main/assets/substances/root/Idebenone.json,present,missing,missing,present,present,missing,missing,missing,missing,present,missing,missing,missing,missing,missing,missing,missing,missing,present,missing,missing,present,localized,present,localized,,roas;toxicities;interactions;summary;saferUse
IHCH-7113,app/src/main/assets/substances/root/IHCH-7113.json,present,missing,missing,present,present,missing,missing,missing,missing,missing,missing,missing,missing,missing,missing,missing,missing,missing,missing,missing,missing,missing,no-overlay,missing,no-overlay,,categories;roas;toxicities;interactions;summary;saferUse;metabolism
Iloperidone,app/src/main/assets/substances/root/Iloperidone.json,present,missing,missing,present,present,missing,missing,missing,missing,present,missing,missing,missing,missing,missing,missing,missing,missing,present,present,missing,present,localized,present,localized,,roas;toxicities;interactions;summary;saferUse
Imipramine oxide,app/src/main/assets/substances/root/Imipramine oxide.json,present,missing,missing,present,present,missing,missing,missing,missing,present,missing,missing,missing,missing,missing,missing,missing,missing,present,missing,missing,present,localized,present,localized,,roas;toxicities;interactions;summary;saferUse
Imipramine,app/src/main/assets/substances/root/Imipramine.json,present,missing,missing,present,present,missing,missing,missing,missing,present,missing,missing,missing,missing,missing,missing,missing,missing,present,present,missing,present,localized,present,localized,,roas;toxicities;interactions;summary;saferUse
Indapex,app/src/main/assets/substances/root/Indapex.json,present,missing,present,present,present,missing,missing,missing,missing,present,missing,missing,missing,missing,missing,missing,missing,missing,present,missing,missing,present,missing,present,missing,,roas;toxicities;interactions;summary;saferUse
Indapyrophenidone,app/src/main/assets/substances/root/Indapyrophenidone.json,present,missing,missing,present,present,missing,missing,missing,missing,present,missing,missing,missing,missing,missing,missing,missing,missing,present,missing,missing,present,missing,present,missing,,roas;toxicities;interactions;summary;saferUse
Ipidacrine,app/src/main/assets/substances/root/Ipidacrine.json,present,missing,missing,present,present,missing,missing,missing,missing,present,missing,missing,missing,missing,missing,missing,missing,missing,present,missing,missing,present,localized,present,localized,,roas;toxicities;interactions;summary;saferUse
Iprindole,app/src/main/assets/substances/root/Iprindole.json,present,missing,missing,present,present,missing,missing,missing,missing,present,missing,missing,missing,missing,missing,missing,missing,missing,present,missing,missing,present,localized,present,localized,,roas;toxicities;interactions;summary;saferUse
Iproclozide,app/src/main/assets/substances/root/Iproclozide.json,present,missing,missing,present,present,missing,missing,missing,missing,present,missing,missing,missing,missing,missing,missing,missing,missing,present,missing,missing,present,localized,present,localized,,roas;toxicities;interactions;summary;saferUse
Iproniazide,app/src/main/assets/substances/root/Iproniazide.json,present,missing,missing,present,present,missing,missing,missing,missing,present,missing,missing,missing,missing,missing,missing,missing,missing,present,missing,missing,present,localized,present,localized,,roas;toxicities;interactions;summary;saferUse
Isocarboxazid,app/src/main/assets/substances/root/Isocarboxazid.json,present,missing,missing,present,present,missing,missing,missing,missing,present,missing,missing,missing,missing,missing,missing,missing,missing,present,missing,missing,present,localized,present,localized,,roas;toxicities;interactions;summary;saferUse
Isomethadone,app/src/main/assets/substances/root/Isomethadone.json,present,missing,missing,present,present,missing,missing,missing,missing,present,missing,missing,missing,missing,missing,missing,missing,missing,present,missing,missing,present,localized,present,localized,,roas;toxicities;interactions;summary;saferUse
Isophenmetrazine,app/src/main/assets/substances/root/Isophenmetrazine.json,present,missing,missing,present,present,missing,missing,missing,missing,present,missing,missing,missing,missing,missing,missing,missing,missing,present,missing,missing,present,missing,present,missing,,roas;toxicities;interactions;summary;saferUse
Isopropylphenidate,app/src/main/assets/substances/root/Isopropylphenidate.json,present,missing,present,present,present,present,present,present,present,present,present,missing,missing,missing,missing,missing,present,present,missing,missing,missing,present,localized,present,localized,halfToleranceInHours;zeroToleranceInHours,saferUse;metabolism
Isoproscaline,app/src/main/assets/substances/root/Isoproscaline.json,present,missing,present,present,present,missing,missing,missing,missing,present,missing,missing,missing,missing,missing,missing,missing,missing,present,missing,missing,present,missing,present,missing,,roas;toxicities;interactions;summary;saferUse
Isotonitazepyne,app/src/main/assets/substances/root/Isotonitazepyne.json,present,missing,missing,present,present,missing,missing,missing,missing,present,missing,missing,missing,missing,missing,missing,missing,missing,missing,missing,missing,missing,no-overlay,missing,no-overlay,,roas;toxicities;interactions;summary;saferUse;metabolism
JWH-018,app/src/main/assets/substances/root/JWH-018.json,present,missing,empty,present,present,present,present,present,present,present,missing,missing,missing,missing,missing,missing,present,present,missing,missing,missing,present,same-as-name,present,same-as-name,halfToleranceInHours;zeroToleranceInHours,summary;saferUse;metabolism
JWH-073,app/src/main/assets/substances/root/JWH-073.json,present,missing,present,present,present,present,present,present,empty,present,missing,missing,missing,missing,missing,missing,present,present,missing,missing,missing,present,same-as-name,present,same-as-name,halfToleranceInHours;zeroToleranceInHours,toxicities;summary;saferUse;metabolism
Kanna,app/src/main/assets/substances/root/Kanna.json,present,missing,missing,present,present,missing,missing,missing,missing,present,missing,missing,missing,missing,missing,missing,missing,missing,present,missing,missing,present,localized,present,localized,,roas;toxicities;interactions;summary;saferUse
Kava,app/src/main/assets/substances/root/Kava.json,present,missing,missing,present,present,missing,missing,missing,missing,present,missing,missing,missing,missing,missing,missing,partial-missing:unsafe,missing,present,missing,missing,present,localized,present,localized,,roas;toxicities;interactions;summary;saferUse
Ketamine,app/src/main/assets/substances/root/Ketamine.json,present,missing,present,present,present,present,present,present,empty,present,present,present,present,present,present,present,present,present,missing,missing,missing,present,localized,present,localized,,toxicities;metabolism
Ketazolam,app/src/main/assets/substances/root/Ketazolam.json,present,missing,missing,present,present,missing,missing,missing,missing,present,missing,missing,missing,missing,missing,missing,missing,missing,present,missing,missing,present,localized,present,localized,,roas;toxicities;interactions;summary;saferUse
Ketobemidone,app/src/main/assets/substances/root/Ketobemidone.json,present,missing,present,present,present,missing,missing,missing,missing,present,missing,missing,missing,missing,missing,missing,missing,missing,present,missing,missing,present,localized,present,localized,,roas;toxicities;interactions;summary;saferUse
Khat,app/src/main/assets/substances/root/Khat.json,present,missing,missing,present,present,missing,missing,missing,missing,present,missing,missing,missing,missing,missing,missing,missing,missing,present,missing,missing,present,localized,present,localized,,roas;toxicities;interactions;summary;saferUse
Kratom,app/src/main/assets/substances/root/Kratom.json,present,missing,present,present,present,present,present,present,present,present,present,missing,missing,missing,missing,missing,present,present,missing,missing,missing,present,localized,present,localized,halfToleranceInHours;zeroToleranceInHours,saferUse;metabolism
Lacosamide,app/src/main/assets/substances/root/Lacosamide.json,present,missing,missing,present,present,missing,missing,missing,missing,present,missing,missing,missing,missing,missing,missing,missing,missing,present,present,missing,present,localized,present,localized,,roas;toxicities;interactions;summary;saferUse
LAE-32,app/src/main/assets/substances/root/LAE-32.json,present,missing,empty,present,present,missing,empty,missing,empty,present,missing,missing,missing,missing,missing,missing,present,present,missing,missing,missing,present,same-as-name,present,same-as-name,,toxicities;summary;saferUse;metabolism
Lamotrigine,app/src/main/assets/substances/root/Lamotrigine.json,present,missing,missing,present,present,missing,missing,missing,missing,present,missing,missing,missing,missing,missing,missing,missing,missing,present,present,missing,present,localized,present,localized,,roas;toxicities;interactions;summary;saferUse
Lavender oil,app/src/main/assets/substances/root/Lavender oil.json,present,missing,missing,present,present,missing,missing,missing,missing,present,missing,missing,missing,missing,missing,missing,missing,missing,present,missing,missing,present,localized,present,localized,,roas;toxicities;interactions;summary;saferUse
Lemborexant,app/src/main/assets/substances/root/Lemborexant.json,present,missing,missing,present,present,missing,missing,missing,missing,present,missing,missing,missing,missing,missing,missing,missing,missing,present,present,missing,present,localized,present,localized,,roas;toxicities;interactions;summary;saferUse
Levacetylmethadol,app/src/main/assets/substances/root/Levacetylmethadol.json,present,missing,missing,present,present,missing,missing,missing,missing,present,missing,missing,missing,missing,missing,missing,missing,missing,present,missing,missing,present,localized,present,localized,,roas;toxicities;interactions;summary;saferUse
Levetiracetam,app/src/main/assets/substances/root/Levetiracetam.json,present,missing,missing,present,present,missing,missing,missing,missing,present,missing,missing,missing,missing,missing,missing,missing,missing,present,present,missing,present,localized,present,localized,,roas;toxicities;interactions;summary;saferUse
Levomepromazine,app/src/main/assets/substances/root/Levomepromazine.json,present,missing,missing,present,present,missing,missing,missing,missing,present,missing,missing,missing,missing,missing,missing,missing,missing,present,missing,missing,present,localized,present,localized,,roas;toxicities;interactions;summary;saferUse
Levomethadone,app/src/main/assets/substances/root/Levomethadone.json,present,missing,missing,present,present,missing,missing,missing,missing,present,missing,missing,missing,missing,missing,missing,missing,missing,present,missing,missing,present,localized,present,localized,,roas;toxicities;interactions;summary;saferUse
Levomilnacipran,app/src/main/assets/substances/root/Levomilnacipran.json,present,missing,missing,present,present,missing,missing,missing,missing,present,missing,missing,missing,missing,missing,missing,missing,missing,present,present,missing,present,localized,present,localized,,roas;toxicities;interactions;summary;saferUse
Levosulpiride,app/src/main/assets/substances/root/Levosulpiride.json,present,missing,missing,present,present,missing,missing,missing,missing,present,missing,missing,missing,missing,missing,missing,missing,missing,present,missing,missing,present,localized,present,localized,,roas;toxicities;interactions;summary;saferUse
Linopirdine,app/src/main/assets/substances/root/Linopirdine.json,present,missing,missing,present,present,missing,missing,missing,missing,present,missing,missing,missing,missing,missing,missing,missing,missing,present,missing,missing,present,localized,present,localized,,roas;toxicities;interactions;summary;saferUse
Lisdexamfetamine,app/src/main/assets/substances/root/Lisdexamfetamine.json,present,missing,present,present,present,missing,empty,missing,empty,present,missing,missing,missing,missing,missing,missing,present,present,present,present,missing,present,localized,present,localized,,toxicities;summary;saferUse
Lithium,app/src/main/assets/substances/root/Lithium.json,present,missing,present,present,present,present,empty,present,present,present,present,present,present,present,present,present,present,present,present,present,present,present,localized,present,localized,halfToleranceInHours;zeroToleranceInHours,
Lofepramine,app/src/main/assets/substances/root/Lofepramine.json,present,missing,missing,present,present,missing,missing,missing,missing,present,missing,missing,missing,missing,missing,missing,missing,missing,present,missing,missing,present,localized,present,localized,,roas;toxicities;interactions;summary;saferUse
Lofexidine,app/src/main/assets/substances/root/Lofexidine.json,present,missing,missing,present,present,missing,missing,missing,missing,present,missing,missing,missing,missing,missing,missing,missing,missing,present,present,missing,present,localized,present,localized,,roas;toxicities;interactions;summary;saferUse
Loperamide,app/src/main/assets/substances/root/Loperamide.json,present,missing,missing,present,present,missing,missing,missing,missing,missing,missing,missing,missing,missing,missing,missing,missing,missing,missing,missing,missing,present,localized,present,localized,,categories;roas;toxicities;interactions;summary;saferUse;metabolism
Lophophora diffusa,app/src/main/assets/substances/root/Lophophora diffusa.json,present,missing,missing,present,present,missing,missing,missing,missing,missing,missing,missing,missing,missing,missing,missing,missing,missing,missing,missing,missing,present,localized,present,localized,,categories;roas;toxicities;interactions;summary;saferUse;metabolism
Lophophora fricii,app/src/main/assets/substances/root/Lophophora fricii.json,present,missing,missing,present,present,missing,missing,missing,missing,missing,missing,missing,missing,missing,missing,missing,missing,missing,missing,missing,missing,present,localized,present,localized,,categories;roas;toxicities;interactions;summary;saferUse;metabolism
Loprazolam,app/src/main/assets/substances/root/Loprazolam.json,present,missing,present,present,present,missing,missing,missing,missing,present,missing,missing,missing,missing,missing,missing,missing,missing,present,missing,missing,present,localized,present,localized,,roas;toxicities;interactions;summary;saferUse
Lorazepam,app/src/main/assets/substances/root/Lorazepam.json,present,missing,present,present,present,present,present,present,present,present,present,present,missing,present,present,present,missing,present,present,present,missing,present,localized,present,localized,zeroToleranceInHours,interactions
Lorcaserin,app/src/main/assets/substances/root/Lorcaserin.json,present,missing,missing,present,present,missing,missing,missing,missing,present,missing,missing,missing,missing,missing,missing,missing,missing,present,missing,missing,present,localized,present,localized,,roas;toxicities;interactions;summary;saferUse
Lormetazepam,app/src/main/assets/substances/root/Lormetazepam.json,present,missing,present,present,present,missing,missing,missing,missing,present,missing,missing,missing,missing,missing,missing,missing,missing,present,missing,missing,present,localized,present,localized,,roas;toxicities;interactions;summary;saferUse
Loxapine,app/src/main/assets/substances/root/Loxapine.json,present,missing,missing,present,present,missing,missing,missing,missing,present,missing,missing,missing,missing,missing,missing,missing,missing,present,present,missing,present,localized,present,localized,,roas;toxicities;interactions;summary;saferUse
LSA,app/src/main/assets/substances/root/LSA.json,present,missing,present,present,present,present,empty,present,present,present,present,missing,missing,missing,missing,missing,present,present,missing,missing,missing,present,same-as-name,present,same-as-name,zeroToleranceInHours,saferUse;metabolism
LSD,app/src/main/assets/substances/root/LSD.json,present,missing,present,present,present,present,present,present,present,present,present,present,missing,present,missing,present,present,present,missing,missing,missing,present,same-as-name,present,same-as-name,zeroToleranceInHours,metabolism
LSM-775,app/src/main/assets/substances/root/LSM-775.json,present,missing,present,present,present,present,present,present,present,present,present,missing,missing,missing,missing,missing,present,present,missing,missing,missing,present,same-as-name,present,same-as-name,halfToleranceInHours;zeroToleranceInHours,saferUse;metabolism
LSZ,app/src/main/assets/substances/root/LSZ.json,present,missing,present,present,present,present,empty,present,present,present,present,missing,missing,missing,missing,missing,present,present,missing,missing,missing,present,same-as-name,present,same-as-name,halfToleranceInHours;zeroToleranceInHours,saferUse;metabolism
Lumateperone,app/src/main/assets/substances/root/Lumateperone.json,present,missing,missing,present,present,missing,missing,missing,missing,present,missing,missing,missing,missing,missing,missing,missing,missing,present,present,missing,present,localized,present,localized,,roas;toxicities;interactions;summary;saferUse
Lurasidone,app/src/main/assets/substances/root/Lurasidone.json,present,missing,missing,present,present,missing,missing,missing,missing,present,missing,missing,missing,missing,missing,missing,missing,missing,present,present,missing,present,localized,present,localized,,roas;toxicities;interactions;summary;saferUse
MADMB-4en-PINACA,app/src/main/assets/substances/root/MADMB-4en-PINACA.json,present,missing,missing,present,present,missing,missing,missing,missing,present,missing,missing,missing,missing,missing,missing,missing,missing,missing,missing,missing,missing,no-overlay,missing,no-overlay,,roas;toxicities;interactions;summary;saferUse;metabolism
Magnesium threonate,app/src/main/assets/substances/root/Magnesium threonate.json,present,missing,missing,present,present,missing,missing,missing,missing,missing,missing,missing,missing,missing,missing,missing,missing,missing,missing,missing,missing,present,localized,present,localized,,categories;roas;toxicities;interactions;summary;saferUse;metabolism
Magnesium,app/src/main/assets/substances/root/Magnesium.json,present,missing,missing,present,present,missing,missing,missing,missing,missing,missing,missing,missing,missing,missing,missing,missing,missing,missing,missing,missing,present,localized,present,localized,,categories;roas;toxicities;interactions;summary;saferUse;metabolism
Mandragora officinarum (botany),app/src/main/assets/substances/root/Mandragora officinarum (botany).json,present,missing,missing,present,present,missing,missing,missing,missing,missing,missing,missing,missing,missing,missing,missing,missing,missing,missing,missing,missing,present,localized,present,localized,,categories;roas;toxicities;interactions;summary;saferUse;metabolism
Mandragora,app/src/main/assets/substances/root/Mandragora.json,present,missing,present,present,present,missing,missing,missing,missing,missing,missing,missing,missing,missing,missing,missing,missing,missing,missing,missing,missing,present,localized,present,localized,,categories;roas;toxicities;interactions;summary;saferUse;metabolism
Maprotiline,app/src/main/assets/substances/root/Maprotiline.json,present,missing,missing,present,present,missing,missing,missing,missing,present,missing,missing,missing,missing,missing,missing,missing,missing,present,missing,missing,present,localized,present,localized,,roas;toxicities;interactions;summary;saferUse
Marinol,app/src/main/assets/substances/root/Marinol.json,present,missing,present,present,present,missing,missing,missing,missing,present,missing,missing,missing,missing,missing,missing,missing,missing,missing,missing,missing,missing,no-overlay,missing,no-overlay,,roas;toxicities;interactions;summary;saferUse;metabolism
Mazaticol,app/src/main/assets/substances/root/Mazaticol.json,present,missing,missing,present,present,missing,missing,missing,missing,present,missing,missing,missing,missing,missing,missing,missing,missing,present,missing,missing,present,missing,present,missing,,roas;toxicities;interactions;summary;saferUse
Mazindol,app/src/main/assets/substances/root/Mazindol.json,present,missing,missing,present,present,missing,missing,missing,missing,present,missing,missing,missing,missing,missing,missing,missing,missing,present,missing,missing,present,localized,present,localized,,roas;toxicities;interactions;summary;saferUse
MBDB,app/src/main/assets/substances/root/MBDB.json,present,missing,present,present,present,missing,missing,missing,missing,present,missing,missing,missing,missing,missing,missing,missing,missing,present,missing,missing,present,missing,present,missing,,roas;toxicities;interactions;summary;saferUse
MBZP,app/src/main/assets/substances/root/MBZP.json,present,missing,present,present,present,missing,missing,missing,missing,present,missing,missing,missing,missing,missing,missing,missing,missing,present,missing,missing,present,missing,present,missing,,roas;toxicities;interactions;summary;saferUse
MCPP,app/src/main/assets/substances/root/MCPP.json,present,missing,present,present,present,missing,empty,missing,empty,present,present,missing,missing,missing,missing,missing,present,present,missing,missing,missing,present,same-as-name,present,same-as-name,,toxicities;saferUse;metabolism
MDA,app/src/main/assets/substances/root/MDA.json,present,missing,present,present,present,present,present,present,empty,present,present,present,present,present,present,present,present,present,missing,missing,missing,present,same-as-name,present,same-as-name,halfToleranceInHours;zeroToleranceInHours,toxicities;metabolism
MDAI,app/src/main/assets/substances/root/MDAI.json,present,missing,present,present,present,present,present,present,present,present,present,missing,missing,missing,missing,missing,present,present,missing,missing,missing,present,same-as-name,present,same-as-name,halfToleranceInHours;zeroToleranceInHours,saferUse;metabolism
MDEA,app/src/main/assets/substances/root/MDEA.json,present,missing,present,present,present,present,present,present,present,present,present,present,present,present,present,present,present,present,missing,missing,missing,present,same-as-name,present,same-as-name,halfToleranceInHours;zeroToleranceInHours,metabolism
MDMA,app/src/main/assets/substances/root/MDMA.json,present,missing,present,present,present,present,present,present,present,present,present,present,present,present,present,present,present,present,missing,missing,missing,present,same-as-name,present,same-as-name,halfToleranceInHours;zeroToleranceInHours,metabolism
MDMB-PINACA,app/src/main/assets/substances/root/MDMB-PINACA.json,present,missing,missing,present,present,missing,missing,missing,missing,present,missing,missing,missing,missing,missing,missing,missing,missing,missing,missing,missing,missing,no-overlay,missing,no-overlay,,roas;toxicities;interactions;summary;saferUse;metabolism
MDNEB,app/src/main/assets/substances/root/MDNEB.json,present,missing,missing,present,present,missing,missing,missing,missing,missing,missing,missing,missing,missing,missing,missing,missing,missing,missing,missing,missing,present,localized,present,localized,,categories;roas;toxicities;interactions;summary;saferUse;metabolism
MDNEP,app/src/main/assets/substances/root/MDNEP.json,present,missing,missing,present,present,missing,missing,missing,missing,missing,missing,missing,missing,missing,missing,missing,missing,missing,missing,missing,missing,present,missing,present,missing,,categories;roas;toxicities;interactions;summary;saferUse;metabolism
MDNMB,app/src/main/assets/substances/root/MDNMB.json,present,missing,missing,present,present,missing,missing,missing,missing,missing,missing,missing,missing,missing,missing,missing,missing,missing,missing,missing,missing,present,localized,present,localized,,categories;roas;toxicities;interactions;summary;saferUse;metabolism
MDNMP,app/src/main/assets/substances/root/MDNMP.json,present,missing,missing,present,present,missing,missing,missing,missing,missing,missing,missing,missing,missing,missing,missing,missing,missing,missing,missing,missing,present,localized,present,localized,,categories;roas;toxicities;interactions;summary;saferUse;metabolism
MDOH,app/src/main/assets/substances/root/MDOH.json,present,missing,missing,present,present,missing,missing,missing,missing,present,missing,missing,missing,missing,missing,missing,missing,missing,present,missing,missing,present,missing,present,missing,,roas;toxicities;interactions;summary;saferUse
MDPA,app/src/main/assets/substances/root/MDPA.json,present,missing,present,present,present,missing,missing,missing,missing,present,missing,missing,missing,missing,missing,missing,missing,missing,present,missing,missing,present,missing,present,missing,,roas;toxicities;interactions;summary;saferUse
MDPHP,app/src/main/assets/substances/root/MDPHP.json,present,missing,present,present,present,missing,missing,missing,missing,present,missing,missing,missing,missing,missing,missing,missing,missing,present,missing,missing,present,localized,present,localized,,roas;toxicities;interactions;summary;saferUse
MDPV,app/src/main/assets/substances/root/MDPV.json,present,missing,present,present,present,missing,empty,missing,empty,present,present,missing,missing,missing,missing,missing,present,present,missing,missing,missing,present,same-as-name,present,same-as-name,,toxicities;saferUse;metabolism
Mebroqualone,app/src/main/assets/substances/root/Mebroqualone.json,present,missing,present,present,present,missing,missing,missing,missing,present,missing,missing,missing,missing,missing,missing,missing,missing,present,missing,missing,present,missing,present,missing,,roas;toxicities;interactions;summary;saferUse
Mebutamate,app/src/main/assets/substances/root/Mebutamate.json,present,missing,missing,present,present,missing,missing,missing,missing,present,missing,missing,missing,missing,missing,missing,missing,missing,present,missing,missing,present,localized,present,localized,,roas;toxicities;interactions;summary;saferUse
Meclofenoxate,app/src/main/assets/substances/root/Meclofenoxate.json,present,missing,present,present,present,missing,empty,missing,present,present,missing,missing,missing,missing,missing,missing,missing,present,missing,missing,missing,present,localized,present,localized,,interactions;summary;saferUse;metabolism
Meclonazepam,app/src/main/assets/substances/root/Meclonazepam.json,present,missing,missing,present,present,missing,missing,missing,missing,present,missing,missing,missing,missing,missing,missing,missing,missing,present,missing,missing,present,localized,present,localized,,roas;toxicities;interactions;summary;saferUse
Medazepam,app/src/main/assets/substances/root/Medazepam.json,present,missing,present,present,present,missing,missing,missing,missing,present,missing,missing,missing,missing,missing,missing,missing,missing,present,missing,missing,present,localized,present,localized,,roas;toxicities;interactions;summary;saferUse
Medifoxamine,app/src/main/assets/substances/root/Medifoxamine.json,present,missing,missing,present,present,missing,missing,missing,missing,present,missing,missing,missing,missing,missing,missing,missing,missing,present,missing,missing,present,localized,present,localized,,roas;toxicities;interactions;summary;saferUse
Mefenorex,app/src/main/assets/substances/root/Mefenorex.json,present,missing,missing,present,present,missing,missing,missing,missing,present,missing,missing,missing,missing,missing,missing,missing,missing,present,missing,missing,present,localized,present,localized,,roas;toxicities;interactions;summary;saferUse
Melatonin,app/src/main/assets/substances/root/Melatonin.json,present,missing,present,present,present,present,empty,present,present,present,present,missing,missing,missing,missing,missing,missing,present,missing,missing,missing,present,localized,present,localized,halfToleranceInHours;zeroToleranceInHours,interactions;saferUse;metabolism
Melitracen,app/src/main/assets/substances/root/Melitracen.json,present,missing,missing,present,present,missing,missing,missing,missing,present,missing,missing,missing,missing,missing,missing,missing,missing,present,missing,missing,present,localized,present,localized,,roas;toxicities;interactions;summary;saferUse
Melperone,app/src/main/assets/substances/root/Melperone.json,present,missing,missing,present,present,missing,missing,missing,missing,present,missing,missing,missing,missing,missing,missing,missing,missing,present,missing,missing,present,localized,present,localized,,roas;toxicities;interactions;summary;saferUse
MEM,app/src/main/assets/substances/root/MEM.json,present,missing,missing,present,present,missing,missing,missing,missing,present,missing,missing,missing,missing,missing,missing,missing,missing,present,missing,missing,present,missing,present,missing,,roas;toxicities;interactions;summary;saferUse
Memantine,app/src/main/assets/substances/root/Memantine.json,present,missing,present,present,present,missing,present,present,present,present,present,missing,missing,missing,missing,missing,present,present,present,present,missing,present,localized,present,localized,,saferUse
Mephedrone,app/src/main/assets/substances/root/Mephedrone.json,present,missing,present,present,present,present,present,missing,present,present,present,present,missing,present,missing,present,present,present,missing,missing,missing,present,localized,present,localized,halfToleranceInHours;zeroToleranceInHours,metabolism
Mephenaqualone,app/src/main/assets/substances/root/Mephenaqualone.json,present,missing,present,present,present,present,present,present,empty,present,missing,missing,missing,missing,missing,missing,missing,present,missing,missing,missing,present,localized,present,localized,,toxicities;interactions;summary;saferUse;metabolism
Mephenoxalone,app/src/main/assets/substances/root/Mephenoxalone.json,present,missing,missing,present,present,missing,missing,missing,missing,present,missing,missing,missing,missing,missing,missing,missing,missing,present,missing,missing,present,localized,present,localized,,roas;toxicities;interactions;summary;saferUse
Mephenytoin,app/src/main/assets/substances/root/Mephenytoin.json,present,missing,missing,present,present,missing,missing,missing,missing,present,missing,missing,missing,missing,missing,missing,missing,missing,present,missing,missing,present,localized,present,localized,,roas;toxicities;interactions;summary;saferUse
Mephtetramine,app/src/main/assets/substances/root/Mephtetramine.json,present,missing,present,present,present,missing,missing,missing,missing,present,missing,missing,missing,missing,missing,missing,missing,missing,present,missing,missing,present,missing,present,missing,,roas;toxicities;interactions;summary;saferUse
Meprobamate,app/src/main/assets/substances/root/Meprobamate.json,present,missing,missing,present,present,missing,missing,missing,missing,present,missing,missing,missing,missing,missing,missing,missing,missing,present,missing,missing,present,localized,present,localized,,roas;toxicities;interactions;summary;saferUse
Meptazinol,app/src/main/assets/substances/root/Meptazinol.json,present,missing,missing,present,present,missing,missing,missing,missing,present,missing,missing,missing,missing,missing,missing,missing,missing,present,missing,missing,present,localized,present,localized,,roas;toxicities;interactions;summary;saferUse
Mescaline,app/src/main/assets/substances/root/Mescaline.json,present,missing,present,present,present,present,present,present,present,present,present,present,present,present,present,present,present,present,missing,missing,missing,present,localized,present,localized,halfToleranceInHours;zeroToleranceInHours,metabolism
Mesoridazine,app/src/main/assets/substances/root/Mesoridazine.json,present,missing,missing,present,present,missing,missing,missing,missing,present,missing,missing,missing,missing,missing,missing,missing,missing,present,missing,missing,present,localized,present,localized,,roas;toxicities;interactions;summary;saferUse
Mesuximide,app/src/main/assets/substances/root/Mesuximide.json,present,missing,missing,present,present,missing,missing,missing,missing,present,missing,missing,missing,missing,missing,missing,missing,missing,present,missing,missing,present,localized,present,localized,,roas;toxicities;interactions;summary;saferUse
MET,app/src/main/assets/substances/root/MET.json,present,missing,present,present,present,missing,empty,present,present,present,present,missing,missing,missing,missing,missing,missing,present,missing,missing,missing,present,same-as-name,present,same-as-name,,interactions;saferUse;metabolism
Metaclazepam,app/src/main/assets/substances/root/Metaclazepam.json,present,missing,missing,present,present,missing,missing,missing,missing,present,missing,missing,missing,missing,missing,missing,missing,missing,present,missing,missing,present,localized,present,localized,,roas;toxicities;interactions;summary;saferUse
Metaxalone,app/src/main/assets/substances/root/Metaxalone.json,present,missing,present,present,present,missing,missing,missing,missing,present,missing,missing,missing,missing,missing,missing,missing,missing,present,missing,missing,present,localized,present,localized,,roas;toxicities;interactions;summary;saferUse
Methadone,app/src/main/assets/substances/root/Methadone.json,present,missing,present,present,present,present,present,present,present,present,present,missing,missing,missing,missing,missing,present,present,present,present,missing,present,localized,present,localized,halfToleranceInHours;zeroToleranceInHours,saferUse
Methallylescaline,app/src/main/assets/substances/root/Methallylescaline.json,present,missing,present,present,present,present,present,present,present,present,present,missing,missing,missing,missing,missing,missing,present,missing,missing,missing,present,localized,present,localized,halfToleranceInHours;zeroToleranceInHours,interactions;saferUse;metabolism
Methamnetamine,app/src/main/assets/substances/root/Methamnetamine.json,present,missing,present,present,present,missing,missing,missing,missing,present,missing,missing,missing,missing,missing,missing,missing,missing,present,missing,missing,present,missing,present,missing,,roas;toxicities;interactions;summary;saferUse
Methamphetamine,app/src/main/assets/substances/root/Methamphetamine.json,present,missing,present,present,present,present,present,present,empty,present,present,present,missing,present,present,present,present,present,missing,missing,missing,present,localized,present,localized,halfToleranceInHours;zeroToleranceInHours,toxicities;metabolism
Methaqualone,app/src/main/assets/substances/root/Methaqualone.json,present,missing,present,present,present,present,present,present,present,present,present,missing,missing,missing,missing,missing,present,present,missing,missing,missing,present,localized,present,localized,halfToleranceInHours;zeroToleranceInHours,saferUse;metabolism
Metharbital,app/src/main/assets/substances/root/Metharbital.json,present,missing,missing,present,present,missing,missing,missing,missing,present,missing,missing,missing,missing,missing,missing,missing,missing,present,missing,missing,present,localized,present,localized,,roas;toxicities;interactions;summary;saferUse
Methcathinone,app/src/main/assets/substances/root/Methcathinone.json,present,missing,present,present,present,missing,empty,missing,empty,present,missing,present,present,present,present,present,missing,present,missing,missing,missing,present,localized,present,localized,,toxicities;interactions;summary;metabolism
Methedrone,app/src/main/assets/substances/root/Methedrone.json,present,missing,present,present,present,missing,missing,missing,missing,present,missing,missing,missing,missing,missing,missing,missing,missing,present,missing,missing,present,missing,present,missing,,roas;toxicities;interactions;summary;saferUse
Methiodone,app/src/main/assets/substances/root/Methiodone.json,present,missing,present,present,present,present,present,present,present,present,present,present,present,present,missing,present,present,present,present,missing,missing,present,localized,present,localized,halfToleranceInHours;zeroToleranceInHours,
Methiopropamine,app/src/main/assets/substances/root/Methiopropamine.json,present,missing,present,present,present,present,present,present,present,present,missing,missing,missing,missing,missing,missing,present,present,missing,missing,missing,present,localized,present,localized,halfToleranceInHours;zeroToleranceInHours,summary;saferUse;metabolism
Methohexital,app/src/main/assets/substances/root/Methohexital.json,present,missing,missing,present,present,missing,missing,missing,missing,present,missing,missing,missing,missing,missing,missing,missing,missing,present,present,missing,present,localized,present,localized,,roas;toxicities;interactions;summary;saferUse
Methoxetamine,app/src/main/assets/substances/root/Methoxetamine.json,present,missing,present,present,present,present,present,present,present,present,missing,missing,missing,missing,missing,missing,present,present,present,missing,missing,present,localized,present,localized,halfToleranceInHours;zeroToleranceInHours,summary;saferUse
Methoxphenidine,app/src/main/assets/substances/root/Methoxphenidine.json,present,missing,present,present,present,present,present,present,present,present,present,missing,missing,missing,missing,missing,present,present,missing,missing,missing,present,localized,present,localized,halfToleranceInHours;zeroToleranceInHours,saferUse;metabolism
Methoxyacetyl-Fentanyl,app/src/main/assets/substances/root/Methoxyacetyl-Fentanyl.json,present,missing,present,present,present,missing,missing,missing,missing,present,missing,missing,missing,missing,missing,missing,missing,missing,present,missing,missing,present,localized,present,localized,,roas;toxicities;interactions;summary;saferUse
Methoxyketamine,app/src/main/assets/substances/root/Methoxyketamine.json,present,missing,present,present,present,missing,missing,missing,missing,present,missing,missing,missing,missing,missing,missing,missing,missing,present,missing,missing,present,localized,present,localized,,roas;toxicities;interactions;summary;saferUse
Methoxypiperamide,app/src/main/assets/substances/root/Methoxypiperamide.json,present,missing,missing,present,present,missing,missing,missing,missing,present,missing,missing,missing,missing,missing,missing,missing,missing,missing,missing,missing,missing,no-overlay,missing,no-overlay,,roas;toxicities;interactions;summary;saferUse;metabolism
Methylmethaqualone,app/src/main/assets/substances/root/Methylmethaqualone.json,present,missing,present,present,present,missing,missing,missing,missing,present,missing,missing,missing,missing,missing,missing,missing,missing,present,missing,missing,present,localized,present,localized,,roas;toxicities;interactions;summary;saferUse
Methylmorphenate,app/src/main/assets/substances/root/Methylmorphenate.json,present,missing,missing,present,present,missing,missing,missing,missing,present,missing,missing,missing,missing,missing,missing,missing,missing,present,missing,missing,present,missing,present,missing,,roas;toxicities;interactions;summary;saferUse
Methylnaphthidate,app/src/main/assets/substances/root/Methylnaphthidate.json,present,missing,present,present,present,missing,empty,missing,empty,present,missing,missing,missing,missing,missing,missing,present,present,missing,missing,missing,present,same-as-name,present,same-as-name,,toxicities;summary;saferUse;metabolism
Methylone,app/src/main/assets/substances/root/Methylone.json,present,missing,present,present,present,present,present,present,present,present,present,present,missing,present,missing,present,present,present,missing,missing,missing,present,localized,present,localized,halfToleranceInHours;zeroToleranceInHours,metabolism
Methylpentynol,app/src/main/assets/substances/root/Methylpentynol.json,present,missing,missing,present,present,missing,missing,missing,missing,present,missing,missing,missing,missing,missing,missing,missing,missing,present,missing,missing,present,localized,present,localized,,roas;toxicities;interactions;summary;saferUse
Methylphenidate,app/src/main/assets/substances/root/Methylphenidate.json,present,missing,present,present,present,missing,empty,present,empty,present,present,present,missing,present,present,present,present,present,present,present,present,present,localized,present,localized,,toxicities
Methylphenobarbital,app/src/main/assets/substances/root/Methylphenobarbital.json,present,missing,missing,present,present,missing,missing,missing,missing,present,missing,missing,missing,missing,missing,missing,missing,missing,present,missing,missing,present,localized,present,localized,,roas;toxicities;interactions;summary;saferUse
Methyprylon,app/src/main/assets/substances/root/Methyprylon.json,present,missing,present,present,present,missing,missing,missing,missing,present,missing,missing,missing,missing,missing,missing,missing,missing,present,missing,missing,present,localized,present,localized,,roas;toxicities;interactions;summary;saferUse
Metixene,app/src/main/assets/substances/root/Metixene.json,present,missing,missing,present,present,missing,missing,missing,missing,present,missing,missing,missing,missing,missing,missing,missing,missing,present,missing,missing,present,localized,present,localized,,roas;toxicities;interactions;summary;saferUse
Metizolam,app/src/main/assets/substances/root/Metizolam.json,present,missing,present,present,present,present,present,present,present,present,present,missing,missing,missing,missing,missing,missing,present,missing,missing,missing,present,localized,present,localized,halfToleranceInHours;zeroToleranceInHours,interactions;saferUse;metabolism
Mexamine,app/src/main/assets/substances/root/Mexamine.json,present,missing,missing,present,present,missing,missing,missing,missing,present,missing,missing,missing,missing,missing,missing,missing,missing,missing,missing,missing,present,localized,present,localized,,roas;toxicities;interactions;summary;saferUse;metabolism
Mexazolam,app/src/main/assets/substances/root/Mexazolam.json,present,missing,present,present,present,missing,missing,missing,missing,present,missing,missing,missing,missing,missing,missing,missing,missing,present,missing,missing,present,localized,present,localized,,roas;toxicities;interactions;summary;saferUse
Mexedrone,app/src/main/assets/substances/root/Mexedrone.json,present,missing,present,present,present,present,present,present,present,present,present,missing,missing,missing,missing,missing,present,present,missing,missing,missing,present,localized,present,same-as-name,halfToleranceInHours;zeroToleranceInHours,saferUse;metabolism
Mianserin,app/src/main/assets/substances/root/Mianserin.json,present,missing,missing,present,present,missing,missing,missing,missing,present,missing,missing,missing,missing,missing,missing,missing,missing,present,present,missing,present,localized,present,localized,,roas;toxicities;interactions;summary;saferUse
Midazolam,app/src/main/assets/substances/root/Midazolam.json,present,missing,present,present,present,missing,empty,missing,empty,present,present,present,missing,present,present,present,missing,present,present,present,missing,present,localized,present,localized,,toxicities;interactions
Milnacipran,app/src/main/assets/substances/root/Milnacipran.json,present,missing,missing,present,present,missing,missing,missing,missing,present,missing,missing,missing,missing,missing,missing,missing,missing,present,present,missing,present,localized,present,localized,,roas;toxicities;interactions;summary;saferUse
Mimosa tenuiflora,app/src/main/assets/substances/root/Mimosa tenuiflora.json,present,missing,missing,present,present,missing,missing,missing,missing,missing,missing,missing,missing,missing,missing,missing,missing,missing,missing,missing,missing,present,localized,present,localized,,categories;roas;toxicities;interactions;summary;saferUse;metabolism
Minaprine,app/src/main/assets/substances/root/Minaprine.json,present,missing,missing,present,present,missing,missing,missing,missing,present,missing,missing,missing,missing,missing,missing,missing,missing,present,missing,missing,present,localized,present,localized,,roas;toxicities;interactions;summary;saferUse
MiPLA,app/src/main/assets/substances/root/MiPLA.json,present,missing,present,present,present,present,present,present,present,present,missing,missing,missing,missing,missing,missing,present,present,missing,missing,missing,present,same-as-name,present,same-as-name,halfToleranceInHours;zeroToleranceInHours,summary;saferUse;metabolism
MiPT,app/src/main/assets/substances/root/MiPT.json,present,missing,present,present,present,present,present,present,present,present,present,missing,missing,missing,missing,missing,missing,present,missing,missing,missing,present,same-as-name,present,same-as-name,halfToleranceInHours;zeroToleranceInHours,interactions;saferUse;metabolism
Mirtazapine,app/src/main/assets/substances/root/Mirtazapine.json,present,missing,present,present,present,present,empty,present,empty,present,missing,missing,missing,missing,missing,missing,present,present,present,present,missing,present,localized,present,localized,halfToleranceInHours;zeroToleranceInHours,toxicities;summary;saferUse
MK-801,app/src/main/assets/substances/root/MK-801.json,present,missing,present,present,present,missing,missing,missing,missing,present,missing,missing,missing,missing,missing,missing,missing,missing,present,missing,missing,present,localized,present,localized,,roas;toxicities;interactions;summary;saferUse
MMB-PINACA,app/src/main/assets/substances/root/MMB-PINACA.json,present,missing,missing,present,present,missing,missing,missing,missing,present,missing,missing,missing,missing,missing,missing,missing,missing,missing,missing,missing,missing,no-overlay,missing,no-overlay,,roas;toxicities;interactions;summary;saferUse;metabolism
MMDA,app/src/main/assets/substances/root/MMDA.json,present,missing,missing,present,present,missing,missing,missing,missing,missing,missing,missing,missing,missing,missing,missing,missing,missing,missing,missing,missing,present,localized,present,localized,,categories;roas;toxicities;interactions;summary;saferUse;metabolism
Moclobemide,app/src/main/assets/substances/root/Moclobemide.json,present,missing,missing,present,present,missing,missing,missing,missing,present,missing,missing,missing,missing,missing,missing,missing,missing,present,present,missing,present,localized,present,localized,,roas;toxicities;interactions;summary;saferUse
Modafinil,app/src/main/assets/substances/root/Modafinil.json,present,missing,present,present,present,present,present,present,present,present,present,present,present,present,present,present,present,present,present,present,missing,present,localized,present,localized,halfToleranceInHours;zeroToleranceInHours,
Molindone,app/src/main/assets/substances/root/Molindone.json,present,missing,missing,present,present,missing,missing,missing,missing,present,missing,missing,missing,missing,missing,missing,missing,missing,present,missing,missing,present,localized,present,localized,,roas;toxicities;interactions;summary;saferUse
Moperone,app/src/main/assets/substances/root/Moperone.json,present,missing,missing,present,present,missing,missing,missing,missing,present,missing,missing,missing,missing,missing,missing,missing,missing,present,missing,missing,present,localized,present,localized,,roas;toxicities;interactions;summary;saferUse
Morning glory,app/src/main/assets/substances/root/Morning glory.json,present,missing,missing,present,present,missing,missing,missing,missing,missing,missing,missing,missing,missing,missing,missing,missing,missing,missing,missing,missing,present,localized,present,localized,,categories;roas;toxicities;interactions;summary;saferUse;metabolism
Morpheridine,app/src/main/assets/substances/root/Morpheridine.json,present,missing,missing,present,present,missing,missing,missing,missing,present,missing,missing,missing,missing,missing,missing,missing,missing,present,missing,missing,present,localized,present,localized,,roas;toxicities;interactions;summary;saferUse
Morphine,app/src/main/assets/substances/root/Morphine.json,present,missing,present,present,present,missing,present,missing,empty,present,present,present,present,present,present,present,present,present,missing,missing,missing,present,localized,present,localized,,toxicities;metabolism
Mosapramine,app/src/main/assets/substances/root/Mosapramine.json,present,missing,missing,present,present,missing,missing,missing,missing,present,missing,missing,missing,missing,missing,missing,missing,missing,present,missing,missing,present,localized,present,localized,,roas;toxicities;interactions;summary;saferUse
Moxonidine,app/src/main/assets/substances/root/Moxonidine.json,present,missing,missing,present,present,missing,missing,missing,missing,present,missing,missing,missing,missing,missing,missing,missing,missing,present,missing,missing,present,localized,present,localized,,roas;toxicities;interactions;summary;saferUse
MPT,app/src/main/assets/substances/root/MPT.json,present,missing,present,present,present,present,present,present,present,present,missing,missing,missing,missing,missing,missing,missing,present,missing,missing,missing,present,same-as-name,present,same-as-name,halfToleranceInHours;zeroToleranceInHours,interactions;summary;saferUse;metabolism
MT-45,app/src/main/assets/substances/root/MT-45.json,present,missing,present,present,present,missing,missing,missing,missing,present,missing,missing,missing,missing,missing,missing,missing,missing,present,missing,missing,present,missing,present,missing,,roas;toxicities;interactions;summary;saferUse
Mushrooms,app/src/main/assets/substances/root/Mushrooms.json,present,missing,present,present,present,present,present,present,present,present,missing,missing,missing,missing,missing,missing,partial-missing:dangerous,present,missing,missing,missing,present,localized,present,localized,,interactions;summary;saferUse;metabolism
MXiPr,app/src/main/assets/substances/root/MXiPr.json,present,missing,present,present,present,present,present,present,present,present,missing,missing,missing,missing,missing,missing,present,present,missing,missing,missing,present,same-as-name,present,same-as-name,halfToleranceInHours;zeroToleranceInHours,summary;saferUse;metabolism
MXM,app/src/main/assets/substances/root/MXM.json,present,missing,present,present,present,missing,missing,missing,missing,present,missing,missing,missing,missing,missing,missing,missing,missing,missing,missing,missing,missing,no-overlay,missing,no-overlay,,roas;toxicities;interactions;summary;saferUse;metabolism
MXPr,app/src/main/assets/substances/root/MXPr.json,present,missing,missing,present,present,missing,missing,missing,missing,present,missing,missing,missing,missing,missing,missing,missing,missing,missing,missing,missing,present,localized,present,localized,,roas;toxicities;interactions;summary;saferUse;metabolism
Myristicin,app/src/main/assets/substances/root/Myristicin.json,present,missing,present,present,present,missing,empty,present,present,present,missing,missing,missing,missing,missing,missing,present,present,missing,missing,missing,present,localized,present,localized,,summary;saferUse;metabolism
N-(2C)-fentanyl,app/src/main/assets/substances/root/N-(2C)-fentanyl.json,present,missing,missing,present,present,missing,missing,missing,missing,missing,missing,missing,missing,missing,missing,missing,missing,missing,missing,missing,missing,missing,no-overlay,missing,no-overlay,,categories;roas;toxicities;interactions;summary;saferUse;metabolism
N-Acetylcysteine,app/src/main/assets/substances/root/N-Acetylcysteine.json,present,missing,present,present,present,missing,empty,missing,present,present,present,present,present,present,present,present,missing,present,missing,missing,missing,present,localized,present,localized,,interactions;metabolism
N-Ethylhexedrone,app/src/main/assets/substances/root/N-Ethylhexedrone.json,present,missing,present,present,present,present,present,present,present,present,missing,missing,missing,missing,missing,missing,present,present,missing,missing,missing,present,localized,present,localized,halfToleranceInHours;zeroToleranceInHours,summary;saferUse;metabolism
N-Methylbisfluoromodafinil,app/src/main/assets/substances/root/N-Methylbisfluoromodafinil.json,present,missing,present,present,present,present,present,present,present,present,missing,missing,missing,missing,missing,missing,present,present,missing,missing,missing,present,localized,present,localized,halfToleranceInHours;zeroToleranceInHours,summary;saferUse;metabolism
N-Methylcyclazodone,app/src/main/assets/substances/root/N-Methylcyclazodone.json,present,missing,missing,present,present,missing,missing,missing,missing,missing,missing,missing,missing,missing,missing,missing,missing,missing,missing,missing,missing,present,localized,present,localized,,categories;roas;toxicities;interactions;summary;saferUse;metabolism
N-Methylhexedrone,app/src/main/assets/substances/root/N-Methylhexedrone.json,present,missing,missing,present,present,missing,missing,missing,missing,missing,missing,missing,missing,missing,missing,missing,missing,missing,missing,missing,missing,present,missing,present,missing,,categories;roas;toxicities;interactions;summary;saferUse;metabolism
Nalbuphine,app/src/main/assets/substances/root/Nalbuphine.json,present,missing,missing,present,present,missing,missing,missing,missing,present,missing,missing,missing,missing,missing,missing,missing,missing,present,missing,missing,present,localized,present,localized,,roas;toxicities;interactions;summary;saferUse
Nalmefene,app/src/main/assets/substances/root/Nalmefene.json,present,missing,missing,present,present,missing,missing,missing,missing,present,missing,missing,missing,missing,missing,missing,missing,missing,present,present,missing,present,localized,present,localized,,roas;toxicities;interactions;summary;saferUse
Naloxone,app/src/main/assets/substances/root/Naloxone.json,present,missing,present,present,present,missing,empty,present,empty,present,missing,missing,missing,missing,missing,missing,missing,present,missing,missing,missing,present,localized,present,localized,,toxicities;interactions;summary;saferUse;metabolism
Naltrexone,app/src/main/assets/substances/root/Naltrexone.json,present,missing,missing,present,present,missing,missing,missing,missing,present,missing,missing,missing,missing,missing,missing,missing,missing,present,present,missing,present,localized,present,localized,,roas;toxicities;interactions;summary;saferUse
Naphyrone,app/src/main/assets/substances/root/Naphyrone.json,present,missing,missing,present,present,missing,missing,missing,missing,present,missing,missing,missing,missing,missing,missing,missing,missing,present,missing,missing,present,missing,present,missing,,roas;toxicities;interactions;summary;saferUse
Naproxen,app/src/main/assets/substances/root/Naproxen.json,present,missing,missing,present,present,missing,missing,missing,missing,present,missing,missing,missing,missing,missing,missing,missing,missing,missing,missing,missing,present,localized,present,localized,,roas;toxicities;interactions;summary;saferUse;metabolism
NEB,app/src/main/assets/substances/root/NEB.json,present,missing,present,present,present,missing,missing,missing,missing,present,missing,missing,missing,missing,missing,missing,missing,missing,present,missing,missing,present,missing,present,missing,,roas;toxicities;interactions;summary;saferUse
Nefazodone,app/src/main/assets/substances/root/Nefazodone.json,present,missing,missing,present,present,missing,missing,missing,missing,present,missing,missing,missing,missing,missing,missing,missing,missing,present,present,missing,present,localized,present,localized,,roas;toxicities;interactions;summary;saferUse
Nefiracetam,app/src/main/assets/substances/root/Nefiracetam.json,present,missing,present,present,present,missing,missing,missing,missing,present,missing,missing,missing,missing,missing,missing,missing,missing,present,missing,missing,present,localized,present,localized,,roas;toxicities;interactions;summary;saferUse
NEP,app/src/main/assets/substances/root/NEP.json,present,missing,present,present,present,present,present,present,present,present,missing,missing,missing,missing,missing,missing,present,present,missing,missing,missing,present,same-as-name,present,same-as-name,halfToleranceInHours;zeroToleranceInHours,summary;saferUse;metabolism
Nialamide,app/src/main/assets/substances/root/Nialamide.json,present,missing,missing,present,present,missing,missing,missing,missing,present,missing,missing,missing,missing,missing,missing,missing,missing,present,missing,missing,present,localized,present,localized,,roas;toxicities;interactions;summary;saferUse
Niaprazine,app/src/main/assets/substances/root/Niaprazine.json,present,missing,missing,present,present,missing,missing,missing,missing,present,missing,missing,missing,missing,missing,missing,missing,missing,present,missing,missing,present,localized,present,localized,,roas;toxicities;interactions;summary;saferUse
Nicomorphine,app/src/main/assets/substances/root/Nicomorphine.json,present,missing,missing,present,present,missing,missing,missing,missing,present,missing,missing,missing,missing,missing,missing,missing,missing,present,missing,missing,present,localized,present,localized,,roas;toxicities;interactions;summary;saferUse
Nicotine,app/src/main/assets/substances/root/Nicotine.json,present,missing,present,present,present,present,empty,present,present,present,present,present,present,present,present,present,missing,present,missing,missing,missing,present,localized,present,localized,halfToleranceInHours;zeroToleranceInHours,interactions;metabolism
Nifoxipam,app/src/main/assets/substances/root/Nifoxipam.json,present,missing,present,present,present,present,present,present,present,present,present,missing,missing,missing,missing,missing,missing,present,missing,missing,missing,present,localized,present,localized,zeroToleranceInHours,interactions;saferUse;metabolism
Nimetazepam,app/src/main/assets/substances/root/Nimetazepam.json,present,missing,present,present,present,missing,missing,missing,missing,present,missing,missing,missing,missing,missing,missing,missing,missing,present,missing,missing,present,localized,present,localized,,roas;toxicities;interactions;summary;saferUse
Nitemazepam,app/src/main/assets/substances/root/Nitemazepam.json,present,missing,present,present,present,missing,missing,missing,missing,present,missing,missing,missing,missing,missing,missing,missing,missing,present,missing,missing,present,missing,present,missing,,roas;toxicities;interactions;summary;saferUse
Nitracaine,app/src/main/assets/substances/root/Nitracaine.json,present,missing,missing,present,present,missing,missing,missing,missing,present,missing,missing,missing,missing,missing,missing,missing,missing,present,missing,missing,present,missing,present,missing,,roas;toxicities;interactions;summary;saferUse
Nitrazepam,app/src/main/assets/substances/root/Nitrazepam.json,present,missing,present,present,present,missing,missing,missing,missing,present,missing,missing,missing,missing,missing,missing,missing,missing,present,missing,missing,present,localized,present,localized,,roas;toxicities;interactions;summary;saferUse
Nitrazolam,app/src/main/assets/substances/root/Nitrazolam.json,present,missing,missing,present,present,missing,missing,missing,missing,present,missing,missing,missing,missing,missing,missing,missing,missing,present,missing,missing,present,missing,present,missing,,roas;toxicities;interactions;summary;saferUse
Nitromethaqualone,app/src/main/assets/substances/root/Nitromethaqualone.json,present,missing,missing,present,present,missing,missing,missing,missing,missing,missing,missing,missing,missing,missing,missing,missing,missing,missing,missing,missing,present,localized,present,localized,,categories;roas;toxicities;interactions;summary;saferUse;metabolism
Nitrous oxide,app/src/main/assets/substances/root/Nitrous oxide.json,present,missing,present,present,present,present,empty,present,present,present,missing,present,present,missing,present,present,present,present,missing,missing,missing,present,localized,present,localized,halfToleranceInHours;zeroToleranceInHours,summary;metabolism
Nizofenone,app/src/main/assets/substances/root/Nizofenone.json,present,missing,missing,present,present,missing,missing,missing,missing,present,missing,missing,missing,missing,missing,missing,missing,missing,present,missing,missing,present,localized,present,localized,,roas;toxicities;interactions;summary;saferUse
NM-2-AI,app/src/main/assets/substances/root/NM-2-AI.json,present,missing,empty,present,present,present,present,present,present,present,present,missing,missing,missing,missing,missing,present,present,missing,missing,missing,present,same-as-name,present,same-as-name,halfToleranceInHours;zeroToleranceInHours,saferUse;metabolism
Nomifensine,app/src/main/assets/substances/root/Nomifensine.json,present,missing,missing,present,present,missing,missing,missing,missing,present,missing,missing,missing,missing,missing,missing,missing,missing,present,missing,missing,present,localized,present,localized,,roas;toxicities;interactions;summary;saferUse
Nordazepam,app/src/main/assets/substances/root/Nordazepam.json,present,missing,present,present,present,missing,missing,missing,missing,present,missing,missing,missing,missing,missing,missing,missing,missing,present,missing,missing,present,localized,present,localized,,roas;toxicities;interactions;summary;saferUse
Norflurazepam,app/src/main/assets/substances/root/Norflurazepam.json,present,missing,present,present,present,missing,missing,missing,missing,present,missing,missing,missing,missing,missing,missing,missing,missing,present,missing,missing,present,localized,present,localized,,roas;toxicities;interactions;summary;saferUse
Nortriptyline,app/src/main/assets/substances/root/Nortriptyline.json,present,missing,missing,present,present,missing,missing,missing,missing,present,missing,missing,missing,missing,missing,missing,missing,missing,present,present,missing,present,localized,present,localized,,roas;toxicities;interactions;summary;saferUse
O-Desmethyltramadol,app/src/main/assets/substances/root/O-Desmethyltramadol.json,present,missing,present,present,present,present,present,present,present,present,present,missing,missing,missing,missing,missing,present,present,missing,missing,missing,present,localized,present,localized,halfToleranceInHours;zeroToleranceInHours,saferUse;metabolism
O-PCE,app/src/main/assets/substances/root/O-PCE.json,present,missing,present,present,present,present,present,present,present,present,present,missing,missing,missing,missing,missing,present,present,missing,missing,missing,present,same-as-name,present,same-as-name,halfToleranceInHours;zeroToleranceInHours,saferUse;metabolism
Olanzapine,app/src/main/assets/substances/root/Olanzapine.json,present,missing,present,present,present,present,present,present,present,present,present,present,present,present,present,present,present,present,present,present,missing,present,localized,present,localized,halfToleranceInHours;zeroToleranceInHours,
Oliceridine,app/src/main/assets/substances/root/Oliceridine.json,present,missing,missing,present,present,missing,missing,missing,missing,present,missing,missing,missing,missing,missing,missing,missing,missing,present,present,missing,present,localized,present,localized,,roas;toxicities;interactions;summary;saferUse
Omberacetam,app/src/main/assets/substances/root/Omberacetam.json,present,missing,present,present,present,present,present,present,present,present,missing,missing,missing,missing,missing,missing,missing,present,missing,missing,missing,present,localized,present,localized,halfToleranceInHours;zeroToleranceInHours,interactions;summary;saferUse;metabolism
Ondelopran,app/src/main/assets/substances/root/Ondelopran.json,present,missing,missing,present,present,missing,missing,missing,missing,present,missing,missing,missing,missing,missing,missing,missing,missing,present,missing,missing,present,missing,present,missing,,roas;toxicities;interactions;summary;saferUse
Opipramol,app/src/main/assets/substances/root/Opipramol.json,present,missing,missing,present,present,missing,missing,missing,missing,present,missing,missing,missing,missing,missing,missing,missing,missing,present,missing,missing,present,localized,present,localized,,roas;toxicities;interactions;summary;saferUse
Opium,app/src/main/assets/substances/root/Opium.json,present,missing,present,present,present,missing,missing,missing,missing,present,missing,missing,missing,missing,missing,missing,missing,missing,present,missing,missing,present,localized,present,localized,,roas;toxicities;interactions;summary;saferUse
Oxaflozane,app/src/main/assets/substances/root/Oxaflozane.json,present,missing,missing,present,present,missing,missing,missing,missing,present,missing,missing,missing,missing,missing,missing,missing,missing,present,missing,missing,present,localized,present,localized,,roas;toxicities;interactions;summary;saferUse
Oxazepam,app/src/main/assets/substances/root/Oxazepam.json,present,missing,present,present,present,missing,missing,missing,missing,present,missing,missing,missing,missing,missing,missing,missing,missing,present,present,missing,present,localized,present,localized,,roas;toxicities;interactions;summary;saferUse
Oxazolam,app/src/main/assets/substances/root/Oxazolam.json,present,missing,missing,present,present,missing,missing,missing,missing,present,missing,missing,missing,missing,missing,missing,missing,missing,present,missing,missing,present,localized,present,localized,,roas;toxicities;interactions;summary;saferUse
Oxcarbazepine,app/src/main/assets/substances/root/Oxcarbazepine.json,present,missing,missing,present,present,missing,missing,missing,missing,present,missing,missing,missing,missing,missing,missing,missing,missing,present,present,missing,present,localized,present,localized,,roas;toxicities;interactions;summary;saferUse
Oxiracetam,app/src/main/assets/substances/root/Oxiracetam.json,present,missing,present,present,present,present,present,present,present,present,present,missing,missing,missing,missing,missing,missing,present,missing,missing,missing,present,localized,present,localized,halfToleranceInHours;zeroToleranceInHours,interactions;saferUse;metabolism
Oxycodone,app/src/main/assets/substances/root/Oxycodone.json,present,missing,present,present,present,present,present,present,present,present,present,present,missing,present,present,present,present,present,missing,missing,missing,present,localized,present,localized,halfToleranceInHours;zeroToleranceInHours,metabolism
Oxymorphazone,app/src/main/assets/substances/root/Oxymorphazone.json,present,missing,missing,present,present,missing,missing,missing,missing,missing,missing,missing,missing,missing,missing,missing,missing,missing,missing,missing,missing,present,localized,present,localized,,categories;roas;toxicities;interactions;summary;saferUse;metabolism
Oxymorphone,app/src/main/assets/substances/root/Oxymorphone.json,present,missing,present,present,present,missing,present,missing,empty,present,present,missing,missing,missing,missing,missing,present,present,missing,missing,missing,present,localized,present,localized,,toxicities;saferUse;metabolism
Oxypertine,app/src/main/assets/substances/root/Oxypertine.json,present,missing,missing,present,present,missing,missing,missing,missing,present,missing,missing,missing,missing,missing,missing,missing,missing,present,missing,missing,present,localized,present,localized,,roas;toxicities;interactions;summary;saferUse
Pagoclone,app/src/main/assets/substances/root/Pagoclone.json,present,missing,missing,present,present,missing,missing,missing,missing,present,missing,missing,missing,missing,missing,missing,missing,missing,present,missing,missing,present,localized,present,localized,,roas;toxicities;interactions;summary;saferUse
Paliperidone,app/src/main/assets/substances/root/Paliperidone.json,present,missing,missing,present,present,missing,missing,missing,missing,present,missing,missing,missing,missing,missing,missing,missing,missing,present,present,present,present,localized,present,localized,,roas;toxicities;interactions;summary;saferUse
Papaveretum,app/src/main/assets/substances/root/Papaveretum.json,present,missing,missing,present,present,missing,missing,missing,missing,present,missing,missing,missing,missing,missing,missing,missing,missing,missing,missing,missing,present,localized,present,localized,,roas;toxicities;interactions;summary;saferUse;metabolism
Paracetamol,app/src/main/assets/substances/root/Paracetamol.json,present,missing,present,present,present,missing,missing,missing,missing,present,missing,missing,missing,missing,missing,missing,missing,missing,missing,missing,missing,present,localized,present,localized,,roas;toxicities;interactions;summary;saferUse;metabolism
Parafluorofentanyl,app/src/main/assets/substances/root/Parafluorofentanyl.json,present,missing,present,present,present,missing,missing,missing,missing,present,missing,missing,missing,missing,missing,missing,missing,missing,present,missing,missing,present,localized,present,localized,,roas;toxicities;interactions;summary;saferUse
Paraldehyde,app/src/main/assets/substances/root/Paraldehyde.json,present,missing,missing,present,present,missing,missing,missing,missing,present,missing,missing,missing,missing,missing,missing,missing,missing,present,missing,missing,present,localized,present,localized,,roas;toxicities;interactions;summary;saferUse
Paramethadione,app/src/main/assets/substances/root/Paramethadione.json,present,missing,missing,present,present,missing,missing,missing,missing,present,missing,missing,missing,missing,missing,missing,missing,missing,present,missing,missing,present,localized,present,localized,,roas;toxicities;interactions;summary;saferUse
PARGY-LAD,app/src/main/assets/substances/root/PARGY-LAD.json,present,missing,present,present,present,present,present,present,present,present,missing,missing,missing,missing,missing,missing,present,present,missing,missing,missing,present,same-as-name,present,same-as-name,halfToleranceInHours;zeroToleranceInHours,summary;saferUse;metabolism
Paroxetine,app/src/main/assets/substances/root/Paroxetine.json,present,missing,present,present,present,missing,missing,missing,missing,present,missing,missing,missing,missing,missing,missing,missing,missing,present,present,present,present,localized,present,localized,,roas;toxicities;interactions;summary;saferUse
PCE,app/src/main/assets/substances/root/PCE.json,present,missing,present,present,present,present,present,present,empty,present,present,missing,missing,missing,missing,missing,present,present,missing,missing,missing,present,same-as-name,present,same-as-name,halfToleranceInHours;zeroToleranceInHours,toxicities;saferUse;metabolism
PCP,app/src/main/assets/substances/root/PCP.json,present,missing,present,present,present,present,present,present,empty,present,present,missing,missing,missing,missing,missing,present,present,missing,missing,missing,present,same-as-name,present,same-as-name,halfToleranceInHours;zeroToleranceInHours,toxicities;saferUse;metabolism
Peganum harmala,app/src/main/assets/substances/root/Peganum harmala.json,present,missing,present,present,present,missing,missing,missing,missing,missing,missing,missing,missing,missing,missing,missing,missing,missing,missing,missing,missing,present,localized,present,localized,,categories;roas;toxicities;interactions;summary;saferUse;metabolism
Pemoline,app/src/main/assets/substances/root/Pemoline.json,present,missing,missing,present,present,missing,missing,missing,missing,present,missing,missing,missing,missing,missing,missing,missing,missing,present,missing,missing,present,localized,present,localized,,roas;toxicities;interactions;summary;saferUse
Penfluridol,app/src/main/assets/substances/root/Penfluridol.json,present,missing,missing,present,present,missing,missing,missing,missing,present,missing,missing,missing,missing,missing,missing,missing,missing,present,missing,missing,present,localized,present,localized,,roas;toxicities;interactions;summary;saferUse
Pentazocine,app/src/main/assets/substances/root/Pentazocine.json,present,missing,present,present,present,missing,missing,missing,missing,present,missing,missing,missing,missing,missing,missing,missing,missing,present,missing,missing,present,localized,present,localized,,roas;toxicities;interactions;summary;saferUse
Pentedrone,app/src/main/assets/substances/root/Pentedrone.json,present,missing,present,present,present,present,present,present,present,present,present,missing,missing,missing,missing,missing,present,present,missing,missing,missing,present,localized,present,localized,halfToleranceInHours;zeroToleranceInHours,saferUse;metabolism
Pentobarbital,app/src/main/assets/substances/root/Pentobarbital.json,present,missing,present,present,present,missing,empty,present,present,present,present,missing,missing,missing,missing,missing,missing,present,missing,missing,missing,present,localized,present,localized,,interactions;saferUse;metabolism
Pentylone,app/src/main/assets/substances/root/Pentylone.json,present,missing,present,present,present,missing,missing,missing,missing,present,missing,missing,missing,missing,missing,missing,missing,missing,present,missing,missing,present,missing,present,missing,,roas;toxicities;interactions;summary;saferUse
Perampanel,app/src/main/assets/substances/root/Perampanel.json,present,missing,missing,present,present,missing,missing,missing,missing,present,missing,missing,missing,missing,missing,missing,missing,missing,present,present,missing,present,localized,present,localized,,roas;toxicities;interactions;summary;saferUse
Perazine,app/src/main/assets/substances/root/Perazine.json,present,missing,missing,present,present,missing,missing,missing,missing,present,missing,missing,missing,missing,missing,missing,missing,missing,present,missing,missing,present,localized,present,localized,,roas;toxicities;interactions;summary;saferUse
Periciazine,app/src/main/assets/substances/root/Periciazine.json,present,missing,missing,present,present,missing,missing,missing,missing,present,missing,missing,missing,missing,missing,missing,missing,missing,present,missing,missing,present,localized,present,localized,,roas;toxicities;interactions;summary;saferUse
Perphenazine,app/src/main/assets/substances/root/Perphenazine.json,present,missing,missing,present,present,missing,missing,missing,missing,present,missing,missing,missing,missing,missing,missing,missing,missing,present,present,missing,present,localized,present,localized,,roas;toxicities;interactions;summary;saferUse
Pethidine,app/src/main/assets/substances/root/Pethidine.json,present,missing,present,present,present,present,present,present,present,present,present,missing,missing,missing,missing,missing,present,present,missing,missing,missing,present,localized,present,localized,halfToleranceInHours;zeroToleranceInHours,saferUse;metabolism
Peyote,app/src/main/assets/substances/root/Peyote.json,present,missing,missing,present,present,missing,missing,missing,missing,present,missing,missing,missing,missing,missing,missing,missing,missing,missing,missing,missing,present,localized,present,localized,,roas;toxicities;interactions;summary;saferUse;metabolism
PFBT,app/src/main/assets/substances/root/PFBT.json,present,missing,present,present,present,missing,missing,missing,missing,present,missing,missing,missing,missing,missing,missing,missing,missing,present,missing,missing,present,missing,present,missing,,roas;toxicities;interactions;summary;saferUse
Phalaris aquatica,app/src/main/assets/substances/root/Phalaris aquatica.json,present,missing,missing,present,present,missing,missing,missing,missing,missing,missing,missing,missing,missing,missing,missing,missing,missing,missing,missing,missing,present,localized,present,localized,,categories;roas;toxicities;interactions;summary;saferUse;metabolism
Phenacemide,app/src/main/assets/substances/root/Phenacemide.json,present,missing,missing,present,present,missing,missing,missing,missing,present,missing,missing,missing,missing,missing,missing,missing,missing,present,missing,missing,present,localized,present,localized,,roas;toxicities;interactions;summary;saferUse
Phenazepam,app/src/main/assets/substances/root/Phenazepam.json,present,missing,present,present,present,present,present,present,present,present,present,present,present,present,present,present,present,present,missing,missing,missing,present,localized,present,localized,halfToleranceInHours;zeroToleranceInHours,metabolism
Phenazocine,app/src/main/assets/substances/root/Phenazocine.json,present,missing,missing,present,present,missing,missing,missing,missing,present,missing,missing,missing,missing,missing,missing,missing,missing,present,missing,missing,present,localized,present,localized,,roas;toxicities;interactions;summary;saferUse
Phenelzine,app/src/main/assets/substances/root/Phenelzine.json,present,missing,missing,present,present,missing,missing,missing,missing,present,missing,missing,missing,missing,missing,missing,missing,missing,present,present,missing,present,localized,present,localized,,roas;toxicities;interactions;summary;saferUse
Phenethylamine,app/src/main/assets/substances/root/Phenethylamine.json,present,missing,present,present,present,missing,missing,missing,missing,present,missing,missing,missing,missing,missing,missing,missing,missing,present,missing,missing,present,localized,present,localized,,roas;toxicities;interactions;summary;saferUse
Phenetrazine,app/src/main/assets/substances/root/Phenetrazine.json,present,missing,missing,present,present,missing,missing,missing,missing,present,missing,missing,missing,missing,missing,missing,missing,missing,present,missing,missing,present,missing,present,missing,,roas;toxicities;interactions;summary;saferUse
Pheneturide,app/src/main/assets/substances/root/Pheneturide.json,present,missing,missing,present,present,missing,missing,missing,missing,present,missing,missing,missing,missing,missing,missing,missing,missing,present,missing,missing,present,missing,present,missing,,roas;toxicities;interactions;summary;saferUse
Phenglutarimide,app/src/main/assets/substances/root/Phenglutarimide.json,present,missing,missing,present,present,missing,missing,missing,missing,present,missing,missing,missing,missing,missing,missing,missing,missing,present,missing,missing,present,missing,present,missing,,roas;toxicities;interactions;summary;saferUse
Phenibut,app/src/main/assets/substances/root/Phenibut.json,present,missing,present,present,present,present,present,present,present,present,present,missing,missing,missing,missing,missing,missing,present,missing,missing,missing,present,localized,present,localized,zeroToleranceInHours,interactions;saferUse;metabolism
Phenmetrazine,app/src/main/assets/substances/root/Phenmetrazine.json,present,missing,present,present,present,missing,missing,missing,missing,present,missing,missing,missing,missing,missing,missing,missing,missing,present,missing,missing,present,localized,present,localized,,roas;toxicities;interactions;summary;saferUse
Phenobarbital,app/src/main/assets/substances/root/Phenobarbital.json,present,missing,present,present,present,missing,empty,present,present,present,present,missing,missing,missing,missing,missing,missing,present,missing,missing,missing,present,localized,present,localized,,interactions;saferUse;metabolism
Phensuximide,app/src/main/assets/substances/root/Phensuximide.json,present,missing,missing,present,present,missing,missing,missing,missing,present,missing,missing,missing,missing,missing,missing,missing,missing,present,missing,missing,present,localized,present,localized,,roas;toxicities;interactions;summary;saferUse
Phentermine,app/src/main/assets/substances/root/Phentermine.json,present,missing,missing,present,present,missing,missing,missing,missing,present,missing,missing,missing,missing,missing,missing,missing,missing,present,missing,missing,present,localized,present,localized,,roas;toxicities;interactions;summary;saferUse
Phenylpiracetam,app/src/main/assets/substances/root/Phenylpiracetam.json,present,missing,present,present,present,present,present,present,present,present,present,missing,missing,missing,missing,missing,missing,present,missing,missing,missing,present,localized,present,localized,halfToleranceInHours;zeroToleranceInHours,interactions;saferUse;metabolism
Phenytoin,app/src/main/assets/substances/root/Phenytoin.json,present,missing,missing,present,present,missing,missing,missing,missing,present,missing,missing,missing,missing,missing,missing,missing,missing,present,present,missing,present,localized,present,localized,,roas;toxicities;interactions;summary;saferUse
Picamilon,app/src/main/assets/substances/root/Picamilon.json,present,missing,missing,present,present,missing,missing,missing,missing,present,missing,missing,missing,missing,missing,missing,missing,missing,present,missing,missing,present,localized,present,localized,,roas;toxicities;interactions;summary;saferUse
Pimavanserin,app/src/main/assets/substances/root/Pimavanserin.json,present,missing,missing,present,present,missing,missing,missing,missing,present,missing,missing,missing,missing,missing,missing,missing,missing,present,present,missing,present,localized,present,localized,,roas;toxicities;interactions;summary;saferUse
Pimozide,app/src/main/assets/substances/root/Pimozide.json,present,missing,missing,present,present,missing,missing,missing,missing,present,missing,missing,missing,missing,missing,missing,missing,missing,present,present,missing,present,localized,present,localized,,roas;toxicities;interactions;summary;saferUse
Pinazepam,app/src/main/assets/substances/root/Pinazepam.json,present,missing,present,present,present,missing,missing,missing,missing,present,missing,missing,missing,missing,missing,missing,missing,missing,present,missing,missing,present,localized,present,localized,,roas;toxicities;interactions;summary;saferUse
Pipamperone,app/src/main/assets/substances/root/Pipamperone.json,present,missing,missing,present,present,missing,missing,missing,missing,present,missing,missing,missing,missing,missing,missing,missing,missing,present,missing,missing,present,localized,present,localized,,roas;toxicities;interactions;summary;saferUse
Piper nigrum (botany),app/src/main/assets/substances/root/Piper nigrum (botany).json,present,missing,missing,present,present,missing,missing,missing,missing,missing,missing,missing,missing,missing,missing,missing,missing,missing,missing,missing,missing,present,localized,present,localized,,categories;roas;toxicities;interactions;summary;saferUse;metabolism
Pipotiazine,app/src/main/assets/substances/root/Pipotiazine.json,present,missing,missing,present,present,missing,missing,missing,missing,present,missing,missing,missing,missing,missing,missing,missing,missing,present,missing,missing,present,localized,present,localized,,roas;toxicities;interactions;summary;saferUse
Pipradrol,app/src/main/assets/substances/root/Pipradrol.json,present,missing,missing,present,present,missing,missing,missing,missing,present,missing,missing,missing,missing,missing,missing,missing,missing,present,missing,missing,present,localized,present,localized,,roas;toxicities;interactions;summary;saferUse
PiPT,app/src/main/assets/substances/root/PiPT.json,present,missing,missing,present,present,missing,missing,missing,missing,present,missing,missing,missing,missing,missing,missing,missing,missing,present,missing,missing,present,missing,present,missing,,roas;toxicities;interactions;summary;saferUse
Piracetam,app/src/main/assets/substances/root/Piracetam.json,present,missing,present,present,present,present,present,present,empty,present,present,missing,missing,missing,missing,missing,missing,present,missing,missing,missing,present,localized,present,localized,halfToleranceInHours;zeroToleranceInHours,toxicities;interactions;saferUse;metabolism
Pirisudanol,app/src/main/assets/substances/root/Pirisudanol.json,present,missing,missing,present,present,missing,missing,missing,missing,present,missing,missing,missing,missing,missing,missing,missing,missing,present,missing,missing,present,localized,present,localized,,roas;toxicities;interactions;summary;saferUse
Piritramide,app/src/main/assets/substances/root/Piritramide.json,present,missing,missing,present,present,missing,missing,missing,missing,present,missing,missing,missing,missing,missing,missing,missing,missing,present,missing,missing,present,missing,present,missing,,roas;toxicities;interactions;summary;saferUse
Pivagabine,app/src/main/assets/substances/root/Pivagabine.json,present,missing,missing,present,present,missing,missing,missing,missing,present,missing,missing,missing,missing,missing,missing,missing,missing,present,missing,missing,present,localized,present,localized,,roas;toxicities;interactions;summary;saferUse
PMA,app/src/main/assets/substances/root/PMA.json,present,missing,present,present,present,missing,empty,missing,present,present,present,missing,missing,missing,missing,missing,present,present,missing,missing,missing,present,same-as-name,present,same-as-name,,saferUse;metabolism
PMMA,app/src/main/assets/substances/root/PMMA.json,present,missing,present,present,present,missing,empty,missing,present,present,missing,missing,missing,missing,missing,missing,missing,present,missing,missing,missing,present,same-as-name,present,same-as-name,,interactions;summary;saferUse;metabolism
Poppers,app/src/main/assets/substances/root/Poppers.json,present,missing,empty,present,present,missing,empty,missing,empty,empty,missing,present,missing,present,present,present,missing,empty,missing,missing,missing,present,same-as-name,present,same-as-name,,categories;roas;toxicities;interactions;summary;metabolism
Pramiracetam,app/src/main/assets/substances/root/Pramiracetam.json,present,missing,present,present,present,present,present,present,present,present,present,missing,missing,missing,missing,missing,missing,present,missing,missing,missing,present,localized,present,localized,halfToleranceInHours;zeroToleranceInHours,interactions;saferUse;metabolism
Prazepam,app/src/main/assets/substances/root/Prazepam.json,present,missing,present,present,present,missing,missing,missing,missing,present,missing,missing,missing,missing,missing,missing,missing,missing,present,missing,missing,present,localized,present,localized,,roas;toxicities;interactions;summary;saferUse
PRE-084,app/src/main/assets/substances/root/PRE-084.json,present,missing,missing,present,present,missing,missing,missing,missing,present,missing,missing,missing,missing,missing,missing,missing,missing,present,missing,missing,present,missing,present,missing,,roas;toxicities;interactions;summary;saferUse
Pregabalin,app/src/main/assets/substances/root/Pregabalin.json,present,missing,present,present,present,present,empty,missing,present,present,present,missing,missing,missing,missing,missing,present,present,present,present,missing,present,localized,present,localized,zeroToleranceInHours,saferUse
Primidone,app/src/main/assets/substances/root/Primidone.json,present,missing,missing,present,present,missing,missing,missing,missing,present,missing,missing,missing,missing,missing,missing,missing,missing,present,missing,missing,present,localized,present,localized,,roas;toxicities;interactions;summary;saferUse
PRL-8-53,app/src/main/assets/substances/root/PRL-8-53.json,present,missing,present,present,present,missing,missing,missing,missing,present,missing,missing,missing,missing,missing,missing,missing,missing,present,missing,missing,present,missing,present,missing,,roas;toxicities;interactions;summary;saferUse
PRO-LAD,app/src/main/assets/substances/root/PRO-LAD.json,present,missing,present,present,present,present,present,present,present,present,present,missing,missing,missing,missing,missing,present,present,missing,missing,missing,present,same-as-name,present,same-as-name,halfToleranceInHours;zeroToleranceInHours,saferUse;metabolism
Prochlorperazine,app/src/main/assets/substances/root/Prochlorperazine.json,present,missing,present,present,present,missing,empty,missing,empty,present,missing,missing,missing,missing,missing,missing,missing,present,missing,missing,missing,present,localized,present,localized,,toxicities;interactions;summary;saferUse;metabolism
Procyclidine,app/src/main/assets/substances/root/Procyclidine.json,present,missing,missing,present,present,missing,missing,missing,missing,present,missing,missing,missing,missing,missing,missing,missing,missing,present,missing,missing,present,localized,present,localized,,roas;toxicities;interactions;summary;saferUse
Profenamine,app/src/main/assets/substances/root/Profenamine.json,present,missing,missing,present,present,missing,missing,missing,missing,present,missing,missing,missing,missing,missing,missing,missing,missing,present,missing,missing,present,localized,present,localized,,roas;toxicities;interactions;summary;saferUse
Progabide,app/src/main/assets/substances/root/Progabide.json,present,missing,missing,present,present,missing,missing,missing,missing,present,missing,missing,missing,missing,missing,missing,missing,missing,present,missing,missing,present,localized,present,localized,,roas;toxicities;interactions;summary;saferUse
Progesterone,app/src/main/assets/substances/root/Progesterone.json,present,missing,empty,present,present,missing,empty,missing,empty,present,missing,missing,missing,missing,missing,missing,missing,present,missing,missing,missing,present,localized,present,localized,,toxicities;interactions;summary;saferUse;metabolism
Prolintane,app/src/main/assets/substances/root/Prolintane.json,present,missing,present,present,present,missing,empty,missing,empty,present,present,missing,missing,missing,missing,missing,present,present,missing,missing,missing,present,localized,present,localized,,toxicities;saferUse;metabolism
Promazine,app/src/main/assets/substances/root/Promazine.json,present,missing,missing,present,present,missing,missing,missing,missing,present,missing,missing,missing,missing,missing,missing,missing,missing,present,missing,missing,present,localized,present,localized,,roas;toxicities;interactions;summary;saferUse
Promethazine,app/src/main/assets/substances/root/Promethazine.json,present,missing,present,present,present,missing,empty,missing,empty,present,present,missing,missing,missing,missing,missing,missing,present,missing,missing,missing,present,localized,present,localized,,toxicities;interactions;saferUse;metabolism
Propentofylline,app/src/main/assets/substances/root/Propentofylline.json,present,missing,missing,present,present,missing,missing,missing,missing,present,missing,missing,missing,missing,missing,missing,missing,missing,present,missing,missing,present,localized,present,localized,,roas;toxicities;interactions;summary;saferUse
Propiomazine,app/src/main/assets/substances/root/Propiomazine.json,present,missing,missing,present,present,missing,missing,missing,missing,present,missing,missing,missing,missing,missing,missing,missing,missing,present,missing,missing,present,localized,present,localized,,roas;toxicities;interactions;summary;saferUse
Propofol,app/src/main/assets/substances/root/Propofol.json,present,missing,present,present,present,missing,missing,missing,missing,present,missing,missing,missing,missing,missing,missing,missing,missing,present,present,missing,present,localized,present,localized,,roas;toxicities;interactions;summary;saferUse
Propranolol,app/src/main/assets/substances/root/Propranolol.json,present,missing,present,present,present,missing,missing,missing,missing,present,missing,missing,missing,missing,missing,missing,missing,missing,present,present,missing,present,localized,present,localized,,roas;toxicities;interactions;summary;saferUse
Propylhexedrine,app/src/main/assets/substances/root/Propylhexedrine.json,present,missing,present,present,present,present,present,missing,empty,present,present,missing,missing,missing,missing,missing,present,present,missing,missing,missing,present,localized,present,localized,halfToleranceInHours;zeroToleranceInHours,toxicities;saferUse;metabolism
Propylphenidate,app/src/main/assets/substances/root/Propylphenidate.json,present,missing,present,present,present,missing,missing,missing,missing,present,missing,missing,missing,missing,missing,missing,missing,missing,present,missing,missing,present,missing,present,missing,,roas;toxicities;interactions;summary;saferUse
Proscaline,app/src/main/assets/substances/root/Proscaline.json,present,missing,present,present,present,present,present,present,present,present,present,missing,missing,missing,missing,missing,missing,present,missing,missing,missing,present,localized,present,same-as-name,halfToleranceInHours;zeroToleranceInHours,interactions;saferUse;metabolism
Prothipendyl,app/src/main/assets/substances/root/Prothipendyl.json,present,missing,missing,present,present,missing,missing,missing,missing,present,missing,missing,missing,missing,missing,missing,missing,missing,present,missing,missing,present,missing,present,missing,,roas;toxicities;interactions;summary;saferUse
Protodesnitazene,app/src/main/assets/substances/root/Protodesnitazene.json,present,missing,missing,present,present,missing,missing,missing,missing,present,missing,missing,missing,missing,missing,missing,missing,missing,missing,missing,missing,missing,no-overlay,missing,no-overlay,,roas;toxicities;interactions;summary;saferUse;metabolism
Protriptyline,app/src/main/assets/substances/root/Protriptyline.json,present,missing,missing,present,present,missing,missing,missing,missing,present,missing,missing,missing,missing,missing,missing,missing,missing,present,missing,missing,present,localized,present,localized,,roas;toxicities;interactions;summary;saferUse
Proxibarbal,app/src/main/assets/substances/root/Proxibarbal.json,present,missing,missing,present,present,missing,missing,missing,missing,present,missing,missing,missing,missing,missing,missing,missing,missing,present,missing,missing,present,missing,present,missing,,roas;toxicities;interactions;summary;saferUse
Pseudoephedrine,app/src/main/assets/substances/root/Pseudoephedrine.json,present,missing,present,present,present,present,present,present,present,present,present,present,present,present,present,present,present,present,missing,missing,missing,present,localized,present,localized,halfToleranceInHours;zeroToleranceInHours,metabolism
Psilocin,app/src/main/assets/substances/root/Psilocin.json,present,missing,present,present,present,present,present,present,present,present,present,missing,missing,missing,missing,missing,missing,present,missing,missing,missing,present,localized,present,localized,halfToleranceInHours;zeroToleranceInHours,interactions;saferUse;metabolism
Psilocybe cubensis,app/src/main/assets/substances/root/Psilocybe cubensis.json,present,missing,present,present,present,missing,missing,missing,missing,missing,missing,missing,missing,missing,missing,missing,missing,missing,missing,missing,missing,present,localized,present,localized,,categories;roas;toxicities;interactions;summary;saferUse;metabolism
Psilocybe cyanescens,app/src/main/assets/substances/root/Psilocybe cyanescens.json,present,missing,missing,present,present,missing,missing,missing,missing,missing,missing,missing,missing,missing,missing,missing,missing,missing,missing,missing,missing,present,localized,present,localized,,categories;roas;toxicities;interactions;summary;saferUse;metabolism
Psilocybe mexicana,app/src/main/assets/substances/root/Psilocybe mexicana.json,present,missing,missing,present,present,missing,missing,missing,missing,missing,missing,missing,missing,missing,missing,missing,missing,missing,missing,missing,missing,present,localized,present,localized,,categories;roas;toxicities;interactions;summary;saferUse;metabolism
Psilocybe subaeruginosa,app/src/main/assets/substances/root/Psilocybe subaeruginosa.json,present,missing,missing,present,present,missing,missing,missing,missing,missing,missing,missing,missing,missing,missing,missing,missing,missing,missing,missing,missing,present,localized,present,localized,,categories;roas;toxicities;interactions;summary;saferUse;metabolism
Psilocybin,app/src/main/assets/substances/root/Psilocybin.json,present,missing,present,present,present,present,present,present,present,present,present,present,present,present,missing,present,present,present,missing,missing,missing,present,localized,present,localized,halfToleranceInHours;zeroToleranceInHours,metabolism
PST,app/src/main/assets/substances/root/PST.json,present,missing,present,present,present,missing,missing,missing,missing,present,missing,missing,missing,missing,missing,missing,missing,missing,missing,missing,missing,missing,no-overlay,missing,no-overlay,,roas;toxicities;interactions;summary;saferUse;metabolism
Psychotria viridis,app/src/main/assets/substances/root/Psychotria viridis.json,present,missing,missing,present,present,missing,missing,missing,missing,missing,missing,missing,missing,missing,missing,missing,missing,missing,missing,missing,missing,present,localized,present,localized,,categories;roas;toxicities;interactions;summary;saferUse;metabolism
PV-8,app/src/main/assets/substances/root/PV-8.json,present,missing,present,present,present,missing,missing,missing,missing,present,missing,missing,missing,missing,missing,missing,missing,missing,present,missing,missing,present,missing,present,missing,,roas;toxicities;interactions;summary;saferUse
Pybromazolam,app/src/main/assets/substances/root/Pybromazolam.json,present,missing,missing,present,present,missing,missing,missing,missing,present,missing,missing,missing,missing,missing,missing,missing,missing,missing,missing,missing,present,localized,present,localized,,roas;toxicities;interactions;summary;saferUse;metabolism
Pyrazolam,app/src/main/assets/substances/root/Pyrazolam.json,present,missing,present,present,present,present,present,present,present,present,present,missing,missing,missing,missing,missing,missing,present,missing,missing,missing,present,localized,present,localized,zeroToleranceInHours,interactions;saferUse;metabolism
Pyrithyldione,app/src/main/assets/substances/root/Pyrithyldione.json,present,missing,missing,present,present,missing,missing,missing,missing,present,missing,missing,missing,missing,missing,missing,missing,missing,present,missing,missing,present,missing,present,missing,,roas;toxicities;interactions;summary;saferUse
Pyritinol,app/src/main/assets/substances/root/Pyritinol.json,present,missing,missing,present,present,missing,missing,missing,missing,present,missing,missing,missing,missing,missing,missing,missing,missing,present,missing,missing,present,localized,present,localized,,roas;toxicities;interactions;summary;saferUse
Pyrophenidone,app/src/main/assets/substances/root/Pyrophenidone.json,present,missing,missing,present,present,missing,missing,missing,missing,present,missing,missing,missing,missing,missing,missing,missing,missing,present,missing,missing,present,missing,present,missing,,roas;toxicities;interactions;summary;saferUse
Quazepam,app/src/main/assets/substances/root/Quazepam.json,present,missing,present,present,present,missing,missing,missing,missing,present,missing,missing,missing,missing,missing,missing,missing,missing,present,present,missing,present,localized,present,localized,,roas;toxicities;interactions;summary;saferUse
Quetiapine,app/src/main/assets/substances/root/Quetiapine.json,present,missing,present,present,present,present,empty,present,present,present,present,missing,missing,missing,missing,missing,present,present,present,present,present,present,localized,present,localized,zeroToleranceInHours,saferUse
Quinupramine,app/src/main/assets/substances/root/Quinupramine.json,present,missing,missing,present,present,missing,missing,missing,missing,present,missing,missing,missing,missing,missing,missing,missing,missing,present,missing,missing,present,localized,present,localized,,roas;toxicities;interactions;summary;saferUse
Ramelteon,app/src/main/assets/substances/root/Ramelteon.json,present,missing,missing,present,present,missing,missing,missing,missing,present,missing,missing,missing,missing,missing,missing,missing,missing,present,present,missing,present,localized,present,localized,,roas;toxicities;interactions;summary;saferUse
Rasagiline,app/src/main/assets/substances/root/Rasagiline.json,present,missing,missing,present,present,missing,missing,missing,missing,present,missing,missing,missing,missing,missing,missing,missing,missing,present,present,missing,present,localized,present,localized,,roas;toxicities;interactions;summary;saferUse
Reboxetine,app/src/main/assets/substances/root/Reboxetine.json,present,missing,missing,present,present,missing,missing,missing,missing,present,missing,missing,missing,missing,missing,missing,missing,missing,present,present,missing,present,localized,present,localized,,roas;toxicities;interactions;summary;saferUse
Remimazolam,app/src/main/assets/substances/root/Remimazolam.json,present,missing,missing,present,present,missing,missing,missing,missing,present,missing,missing,missing,missing,missing,missing,missing,missing,present,present,missing,present,localized,present,localized,,roas;toxicities;interactions;summary;saferUse
Remoxipride,app/src/main/assets/substances/root/Remoxipride.json,present,missing,missing,present,present,missing,missing,missing,missing,present,missing,missing,missing,missing,missing,missing,missing,missing,present,missing,missing,present,localized,present,localized,,roas;toxicities;interactions;summary;saferUse
Reposal,app/src/main/assets/substances/root/Reposal.json,present,missing,missing,present,present,missing,missing,missing,missing,present,missing,missing,missing,missing,missing,missing,missing,missing,present,missing,missing,present,missing,present,missing,,roas;toxicities;interactions;summary;saferUse
Retigabine,app/src/main/assets/substances/root/Retigabine.json,present,missing,missing,present,present,missing,missing,missing,missing,present,missing,missing,missing,missing,missing,missing,missing,missing,present,missing,missing,present,localized,present,localized,,roas;toxicities;interactions;summary;saferUse
RGPU-95,app/src/main/assets/substances/root/RGPU-95.json,present,missing,missing,present,present,missing,missing,missing,missing,missing,missing,missing,missing,missing,missing,missing,missing,missing,missing,missing,missing,present,localized,present,localized,,categories;roas;toxicities;interactions;summary;saferUse;metabolism
Rilmazafone,app/src/main/assets/substances/root/Rilmazafone.json,present,missing,present,present,present,missing,missing,missing,missing,present,missing,missing,missing,missing,missing,missing,missing,missing,present,missing,missing,present,localized,present,localized,,roas;toxicities;interactions;summary;saferUse
Rilmazolam,app/src/main/assets/substances/root/Rilmazolam.json,present,missing,missing,present,present,missing,missing,missing,missing,present,missing,missing,missing,missing,missing,missing,missing,missing,missing,missing,missing,missing,no-overlay,missing,no-overlay,,roas;toxicities;interactions;summary;saferUse;metabolism
Rilmenidine,app/src/main/assets/substances/root/Rilmenidine.json,present,missing,missing,present,present,missing,missing,missing,missing,present,missing,missing,missing,missing,missing,missing,missing,missing,present,missing,missing,present,localized,present,localized,,roas;toxicities;interactions;summary;saferUse
Risperidone,app/src/main/assets/substances/root/Risperidone.json,present,missing,present,present,present,missing,empty,missing,empty,present,missing,missing,missing,missing,missing,missing,missing,present,present,present,missing,present,localized,present,localized,,toxicities;interactions;summary;saferUse
Rivastigmine,app/src/main/assets/substances/root/Rivastigmine.json,present,missing,missing,present,present,missing,missing,missing,missing,present,missing,missing,missing,missing,missing,missing,missing,missing,present,present,missing,present,localized,present,localized,,roas;toxicities;interactions;summary;saferUse
Rolicyclidine,app/src/main/assets/substances/root/Rolicyclidine.json,present,missing,present,present,present,present,present,present,empty,present,present,missing,missing,missing,missing,missing,present,present,missing,missing,missing,present,localized,present,localized,halfToleranceInHours;zeroToleranceInHours,toxicities;saferUse;metabolism
Rufinamide,app/src/main/assets/substances/root/Rufinamide.json,present,missing,missing,present,present,missing,missing,missing,missing,present,missing,missing,missing,missing,missing,missing,missing,missing,present,present,missing,present,localized,present,localized,,roas;toxicities;interactions;summary;saferUse
Safinamide,app/src/main/assets/substances/root/Safinamide.json,present,missing,missing,present,present,missing,missing,missing,missing,present,missing,missing,missing,missing,missing,missing,missing,missing,present,present,missing,present,localized,present,localized,,roas;toxicities;interactions;summary;saferUse
Salvia divinorum,app/src/main/assets/substances/root/Salvia divinorum.json,present,missing,present,present,present,missing,missing,missing,missing,present,missing,missing,missing,missing,missing,missing,missing,missing,missing,missing,missing,present,localized,present,localized,,roas;toxicities;interactions;summary;saferUse;metabolism
Salvinorin A,app/src/main/assets/substances/root/Salvinorin A.json,present,missing,present,present,present,missing,present,present,present,present,present,missing,missing,missing,missing,missing,missing,present,missing,missing,missing,present,same-as-name,present,same-as-name,,interactions;saferUse;metabolism
Salvinorin B methoxymethyl ether,app/src/main/assets/substances/root/Salvinorin B methoxymethyl ether.json,present,missing,missing,present,present,missing,missing,missing,missing,present,missing,missing,missing,missing,missing,missing,missing,missing,present,missing,missing,present,localized,present,localized,,roas;toxicities;interactions;summary;saferUse
SAM-e,app/src/main/assets/substances/root/SAM-e.json,present,missing,present,present,present,missing,empty,present,empty,present,missing,missing,missing,missing,missing,missing,missing,present,missing,missing,missing,present,same-as-name,present,same-as-name,,toxicities;interactions;summary;saferUse;metabolism
Scopolamine,app/src/main/assets/substances/root/Scopolamine.json,present,missing,missing,present,present,missing,missing,missing,missing,present,missing,missing,missing,missing,missing,missing,missing,missing,present,missing,missing,present,localized,present,localized,,roas;toxicities;interactions;summary;saferUse
Secobarbital,app/src/main/assets/substances/root/Secobarbital.json,present,missing,present,present,present,missing,empty,present,present,present,present,missing,missing,missing,missing,missing,missing,present,missing,missing,missing,present,localized,present,localized,,interactions;saferUse;metabolism
Selegiline,app/src/main/assets/substances/root/Selegiline.json,present,missing,missing,present,present,missing,missing,missing,missing,present,missing,missing,missing,missing,missing,missing,missing,missing,present,present,missing,present,localized,present,localized,,roas;toxicities;interactions;summary;saferUse
Semax,app/src/main/assets/substances/root/Semax.json,present,missing,missing,present,present,missing,missing,missing,missing,missing,missing,missing,missing,missing,missing,missing,missing,missing,missing,missing,missing,missing,no-overlay,missing,no-overlay,,categories;roas;toxicities;interactions;summary;saferUse;metabolism
Serotonin,app/src/main/assets/substances/root/Serotonin.json,present,missing,missing,present,present,missing,missing,missing,missing,missing,missing,missing,missing,missing,missing,missing,missing,missing,missing,missing,missing,present,localized,present,localized,,categories;roas;toxicities;interactions;summary;saferUse;metabolism
Sertindole,app/src/main/assets/substances/root/Sertindole.json,present,missing,missing,present,present,missing,missing,missing,missing,present,missing,missing,missing,missing,missing,missing,missing,missing,present,missing,missing,present,localized,present,localized,,roas;toxicities;interactions;summary;saferUse
Sertraline,app/src/main/assets/substances/root/Sertraline.json,present,missing,present,present,present,missing,missing,missing,missing,present,missing,missing,missing,missing,missing,missing,missing,missing,present,present,missing,present,localized,present,localized,,roas;toxicities;interactions;summary;saferUse
Setmelanotide,app/src/main/assets/substances/root/Setmelanotide.json,present,missing,missing,present,present,missing,missing,missing,missing,present,missing,missing,missing,missing,missing,missing,missing,missing,missing,missing,missing,present,localized,present,localized,,roas;toxicities;interactions;summary;saferUse;metabolism
Sibutramine,app/src/main/assets/substances/root/Sibutramine.json,present,missing,missing,present,present,missing,missing,missing,missing,present,missing,missing,missing,missing,missing,missing,missing,missing,present,missing,missing,present,localized,present,localized,,roas;toxicities;interactions;summary;saferUse
Sinicuichi,app/src/main/assets/substances/root/Sinicuichi.json,present,missing,present,present,present,missing,missing,missing,missing,present,missing,missing,missing,missing,missing,missing,missing,missing,present,missing,missing,present,missing,present,missing,,roas;toxicities;interactions;summary;saferUse
Solriamfetol,app/src/main/assets/substances/root/Solriamfetol.json,present,missing,missing,present,present,missing,missing,missing,missing,present,missing,missing,missing,missing,missing,missing,missing,missing,present,present,missing,present,localized,present,localized,,roas;toxicities;interactions;summary;saferUse
Spirochlorphine,app/src/main/assets/substances/root/Spirochlorphine.json,present,missing,missing,present,present,missing,missing,missing,missing,present,missing,missing,missing,missing,missing,missing,missing,missing,missing,missing,missing,missing,no-overlay,missing,no-overlay,,roas;toxicities;interactions;summary;saferUse;metabolism
SR-17018,app/src/main/assets/substances/root/SR-17018.json,present,missing,missing,present,present,missing,missing,missing,missing,missing,missing,missing,missing,missing,missing,missing,missing,missing,missing,missing,missing,present,localized,present,localized,,categories;roas;toxicities;interactions;summary;saferUse;metabolism
St. John's wort,app/src/main/assets/substances/root/St. John's wort.json,present,missing,missing,present,present,missing,missing,missing,missing,present,missing,missing,missing,missing,missing,missing,missing,missing,present,missing,missing,present,localized,present,localized,,roas;toxicities;interactions;summary;saferUse
Stiripentol,app/src/main/assets/substances/root/Stiripentol.json,present,missing,missing,present,present,missing,missing,missing,missing,present,missing,missing,missing,missing,missing,missing,missing,missing,present,present,missing,present,localized,present,localized,,roas;toxicities;interactions;summary;saferUse
STS-135,app/src/main/assets/substances/root/STS-135.json,present,missing,present,present,present,present,present,present,present,present,missing,missing,missing,missing,missing,missing,present,present,missing,missing,missing,present,same-as-name,present,same-as-name,halfToleranceInHours;zeroToleranceInHours,summary;saferUse;metabolism
Sufentanil,app/src/main/assets/substances/root/Sufentanil.json,present,missing,present,present,present,missing,empty,missing,empty,present,present,missing,missing,missing,missing,missing,present,present,missing,missing,missing,present,localized,present,localized,,toxicities;saferUse;metabolism
Sulbutiamine,app/src/main/assets/substances/root/Sulbutiamine.json,present,missing,present,present,present,missing,missing,missing,missing,present,missing,missing,missing,missing,missing,missing,missing,missing,present,missing,missing,present,localized,present,localized,,roas;toxicities;interactions;summary;saferUse
Sulpiride,app/src/main/assets/substances/root/Sulpiride.json,present,missing,missing,present,present,missing,missing,missing,missing,present,missing,missing,missing,missing,missing,missing,missing,missing,present,present,missing,present,localized,present,localized,,roas;toxicities;interactions;summary;saferUse
Sultiame,app/src/main/assets/substances/root/Sultiame.json,present,missing,missing,present,present,missing,missing,missing,missing,present,missing,missing,missing,missing,missing,missing,missing,missing,present,missing,missing,present,localized,present,localized,,roas;toxicities;interactions;summary;saferUse
Sultopride,app/src/main/assets/substances/root/Sultopride.json,present,missing,missing,present,present,missing,missing,missing,missing,present,missing,missing,missing,missing,missing,missing,missing,missing,present,missing,missing,present,localized,present,localized,,roas;toxicities;interactions;summary;saferUse
Suvorexant,app/src/main/assets/substances/root/Suvorexant.json,present,missing,missing,present,present,missing,missing,missing,missing,present,missing,missing,missing,missing,missing,missing,missing,missing,present,present,missing,present,localized,present,localized,,roas;toxicities;interactions;summary;saferUse
Tabernanthe iboga (botany),app/src/main/assets/substances/root/Tabernanthe iboga (botany).json,present,missing,missing,present,present,missing,missing,missing,missing,missing,missing,missing,missing,missing,missing,missing,missing,missing,missing,missing,missing,present,localized,present,localized,,categories;roas;toxicities;interactions;summary;saferUse;metabolism
Tacrine,app/src/main/assets/substances/root/Tacrine.json,present,missing,missing,present,present,missing,missing,missing,missing,present,missing,missing,missing,missing,missing,missing,missing,missing,present,missing,missing,present,localized,present,localized,,roas;toxicities;interactions;summary;saferUse
Talbutal,app/src/main/assets/substances/root/Talbutal.json,present,missing,missing,present,present,missing,missing,missing,missing,present,missing,missing,missing,missing,missing,missing,missing,missing,present,missing,missing,present,localized,present,localized,,roas;toxicities;interactions;summary;saferUse
Tapentadol,app/src/main/assets/substances/root/Tapentadol.json,present,missing,present,present,present,present,present,present,present,present,present,missing,missing,missing,missing,missing,present,present,missing,missing,missing,present,localized,present,localized,halfToleranceInHours;zeroToleranceInHours,saferUse;metabolism
Tasimelteon,app/src/main/assets/substances/root/Tasimelteon.json,present,missing,missing,present,present,missing,missing,missing,missing,present,missing,missing,missing,missing,missing,missing,missing,missing,present,present,missing,present,localized,present,localized,,roas;toxicities;interactions;summary;saferUse
Temazepam,app/src/main/assets/substances/root/Temazepam.json,present,missing,present,present,present,present,present,present,present,present,present,missing,missing,missing,missing,missing,missing,present,present,present,missing,present,localized,present,localized,zeroToleranceInHours,interactions;saferUse
Temgicoluril,app/src/main/assets/substances/root/Temgicoluril.json,present,missing,missing,present,present,missing,missing,missing,missing,present,missing,missing,missing,missing,missing,missing,missing,missing,present,missing,missing,present,missing,present,missing,,roas;toxicities;interactions;summary;saferUse
Tetrahydrocannabihexol,app/src/main/assets/substances/root/Tetrahydrocannabihexol.json,present,missing,missing,present,present,missing,missing,missing,missing,missing,missing,missing,missing,missing,missing,missing,missing,missing,missing,missing,missing,present,localized,present,localized,,categories;roas;toxicities;interactions;summary;saferUse;metabolism
Tetrahydrocannabinol,app/src/main/assets/substances/root/Tetrahydrocannabinol.json,present,missing,missing,present,present,missing,missing,missing,missing,missing,missing,missing,missing,missing,missing,missing,missing,missing,missing,missing,missing,present,localized,present,localized,,categories;roas;toxicities;interactions;summary;saferUse;metabolism
Tetrahydrocannabiphorol,app/src/main/assets/substances/root/Tetrahydrocannabiphorol.json,present,missing,missing,present,present,missing,missing,missing,missing,missing,missing,missing,missing,missing,missing,missing,missing,missing,present,missing,missing,present,localized,present,localized,,categories;roas;toxicities;interactions;summary;saferUse
Tetrahydrocannabutol,app/src/main/assets/substances/root/Tetrahydrocannabutol.json,present,missing,missing,present,present,missing,missing,missing,missing,missing,missing,missing,missing,missing,missing,missing,missing,missing,missing,missing,missing,present,localized,present,localized,,categories;roas;toxicities;interactions;summary;saferUse;metabolism
Tetrahydrofuran-Fentanyl,app/src/main/assets/substances/root/Tetrahydrofuran-Fentanyl.json,present,missing,present,present,present,missing,missing,missing,missing,present,missing,missing,missing,missing,missing,missing,missing,missing,present,missing,missing,present,localized,present,localized,,roas;toxicities;interactions;summary;saferUse
Tetrazepam,app/src/main/assets/substances/root/Tetrazepam.json,present,missing,missing,present,present,missing,missing,missing,missing,present,missing,missing,missing,missing,missing,missing,missing,missing,present,missing,missing,present,localized,present,localized,,roas;toxicities;interactions;summary;saferUse
TH-PVP,app/src/main/assets/substances/root/TH-PVP.json,present,missing,missing,present,present,missing,missing,missing,missing,present,missing,missing,missing,missing,missing,missing,missing,missing,present,missing,missing,present,missing,present,missing,,roas;toxicities;interactions;summary;saferUse
Theacrine,app/src/main/assets/substances/root/Theacrine.json,present,missing,present,present,present,present,empty,present,empty,present,present,missing,missing,missing,missing,missing,missing,present,missing,missing,missing,present,localized,present,localized,halfToleranceInHours;zeroToleranceInHours,toxicities;interactions;saferUse;metabolism
Theanine,app/src/main/assets/substances/root/Theanine.json,present,missing,present,present,present,present,empty,present,present,present,missing,missing,missing,missing,missing,missing,missing,present,missing,missing,missing,present,localized,present,localized,halfToleranceInHours;zeroToleranceInHours,interactions;summary;saferUse;metabolism
Thiopental,app/src/main/assets/substances/root/Thiopental.json,present,missing,missing,present,present,missing,missing,missing,missing,present,missing,missing,missing,missing,missing,missing,missing,missing,present,missing,missing,present,localized,present,localized,,roas;toxicities;interactions;summary;saferUse
Thiopropamine,app/src/main/assets/substances/root/Thiopropamine.json,present,missing,present,present,present,missing,missing,missing,missing,present,missing,missing,missing,missing,missing,missing,missing,missing,present,missing,missing,present,missing,present,missing,,roas;toxicities;interactions;summary;saferUse
Thiopropazate,app/src/main/assets/substances/root/Thiopropazate.json,present,missing,missing,present,present,missing,missing,missing,missing,present,missing,missing,missing,missing,missing,missing,missing,missing,present,missing,missing,present,localized,present,localized,,roas;toxicities;interactions;summary;saferUse
Thioproperazine,app/src/main/assets/substances/root/Thioproperazine.json,present,missing,missing,present,present,missing,missing,missing,missing,present,missing,missing,missing,missing,missing,missing,missing,missing,present,missing,missing,present,missing,present,missing,,roas;toxicities;interactions;summary;saferUse
Thioridazine,app/src/main/assets/substances/root/Thioridazine.json,present,missing,missing,present,present,missing,missing,missing,missing,present,missing,missing,missing,missing,missing,missing,missing,missing,present,present,missing,present,localized,present,localized,,roas;toxicities;interactions;summary;saferUse
THJ-018,app/src/main/assets/substances/root/THJ-018.json,present,missing,present,present,present,present,present,present,present,present,missing,missing,missing,missing,missing,missing,present,present,missing,missing,missing,present,same-as-name,present,same-as-name,halfToleranceInHours;zeroToleranceInHours,summary;saferUse;metabolism
THJ-2201,app/src/main/assets/substances/root/THJ-2201.json,present,missing,present,present,present,present,present,present,present,present,missing,missing,missing,missing,missing,missing,present,present,missing,missing,missing,present,same-as-name,present,same-as-name,halfToleranceInHours;zeroToleranceInHours,summary;saferUse;metabolism
Thujone,app/src/main/assets/substances/root/Thujone.json,present,missing,missing,present,present,missing,missing,missing,missing,missing,missing,missing,missing,missing,missing,missing,missing,missing,missing,missing,missing,present,localized,present,localized,,categories;roas;toxicities;interactions;summary;saferUse;metabolism
Tiagabine,app/src/main/assets/substances/root/Tiagabine.json,present,missing,missing,present,present,missing,missing,missing,missing,present,missing,missing,missing,missing,missing,missing,missing,missing,present,present,missing,present,localized,present,localized,,roas;toxicities;interactions;summary;saferUse
Tianeptine,app/src/main/assets/substances/root/Tianeptine.json,present,missing,present,present,present,present,present,present,present,present,present,missing,missing,missing,missing,missing,missing,present,missing,missing,missing,present,localized,present,localized,halfToleranceInHours;zeroToleranceInHours,interactions;saferUse;metabolism
Tiapride,app/src/main/assets/substances/root/Tiapride.json,present,missing,missing,present,present,missing,missing,missing,missing,present,missing,missing,missing,missing,missing,missing,missing,missing,present,missing,missing,present,localized,present,localized,,roas;toxicities;interactions;summary;saferUse
Tiletamine,app/src/main/assets/substances/root/Tiletamine.json,present,missing,present,present,present,missing,missing,missing,missing,present,missing,missing,missing,missing,missing,missing,missing,missing,present,missing,missing,present,localized,present,localized,,roas;toxicities;interactions;summary;saferUse
Tilidine,app/src/main/assets/substances/root/Tilidine.json,present,missing,present,present,present,missing,missing,missing,missing,present,missing,missing,missing,missing,missing,missing,missing,missing,present,missing,missing,present,localized,present,localized,,roas;toxicities;interactions;summary;saferUse
Tilmetamine,app/src/main/assets/substances/root/Tilmetamine.json,present,missing,missing,present,present,missing,missing,missing,missing,present,missing,missing,missing,missing,missing,missing,missing,missing,missing,missing,missing,missing,no-overlay,missing,no-overlay,,roas;toxicities;interactions;summary;saferUse;metabolism
Tiotixene,app/src/main/assets/substances/root/Tiotixene.json,present,missing,missing,present,present,missing,missing,missing,missing,present,missing,missing,missing,missing,missing,missing,missing,missing,present,missing,missing,present,localized,present,localized,,roas;toxicities;interactions;summary;saferUse
Tizanidine,app/src/main/assets/substances/root/Tizanidine.json,present,missing,missing,present,present,missing,missing,missing,missing,present,missing,missing,missing,missing,missing,missing,partial-missing:unsafe,present,present,present,missing,present,localized,present,localized,,toxicities;interactions;summary;saferUse
TMA-2,app/src/main/assets/substances/root/TMA-2.json,present,missing,present,present,present,present,present,present,present,present,present,missing,missing,missing,missing,missing,missing,present,missing,missing,missing,present,same-as-name,present,same-as-name,halfToleranceInHours;zeroToleranceInHours,interactions;saferUse;metabolism
TMA-6,app/src/main/assets/substances/root/TMA-6.json,present,missing,present,present,present,present,present,present,present,present,present,missing,missing,missing,missing,missing,present,present,missing,missing,missing,present,same-as-name,present,same-as-name,halfToleranceInHours;zeroToleranceInHours,saferUse;metabolism
Tobacco,app/src/main/assets/substances/root/Tobacco.json,present,missing,missing,present,present,missing,missing,missing,missing,missing,missing,missing,missing,missing,missing,missing,missing,missing,missing,missing,missing,present,localized,present,localized,,categories;roas;toxicities;interactions;summary;saferUse;metabolism
Tofisopam,app/src/main/assets/substances/root/Tofisopam.json,present,missing,missing,present,present,missing,missing,missing,missing,present,missing,missing,missing,missing,missing,missing,missing,missing,present,missing,missing,present,localized,present,localized,,roas;toxicities;interactions;summary;saferUse
Tolibut,app/src/main/assets/substances/root/Tolibut.json,present,missing,missing,present,present,missing,missing,missing,missing,present,missing,missing,missing,missing,missing,missing,missing,missing,present,missing,missing,present,missing,present,missing,,roas;toxicities;interactions;summary;saferUse
Tolonidine,app/src/main/assets/substances/root/Tolonidine.json,present,missing,missing,present,present,missing,missing,missing,missing,present,missing,missing,missing,missing,missing,missing,missing,missing,present,missing,missing,present,localized,present,localized,,roas;toxicities;interactions;summary;saferUse
Toloxatone,app/src/main/assets/substances/root/Toloxatone.json,present,missing,missing,present,present,missing,missing,missing,missing,present,missing,missing,missing,missing,missing,missing,missing,missing,present,missing,missing,present,localized,present,localized,,roas;toxicities;interactions;summary;saferUse
Topiramate,app/src/main/assets/substances/root/Topiramate.json,present,missing,missing,present,present,missing,missing,missing,missing,present,missing,missing,missing,missing,missing,missing,missing,missing,present,present,missing,present,localized,present,localized,,roas;toxicities;interactions;summary;saferUse
Tramadol,app/src/main/assets/substances/root/Tramadol.json,present,missing,present,present,present,present,present,present,present,present,present,present,present,present,present,present,present,present,present,present,missing,present,localized,present,localized,halfToleranceInHours;zeroToleranceInHours,
Tranylcypromine,app/src/main/assets/substances/root/Tranylcypromine.json,present,missing,missing,present,present,missing,missing,missing,missing,present,missing,missing,missing,missing,missing,missing,missing,missing,present,missing,missing,present,localized,present,localized,,roas;toxicities;interactions;summary;saferUse
Trazodone,app/src/main/assets/substances/root/Trazodone.json,present,missing,missing,present,present,missing,missing,missing,missing,present,missing,missing,missing,missing,missing,missing,missing,missing,present,present,missing,present,localized,present,localized,,roas;toxicities;interactions;summary;saferUse
Triazolam,app/src/main/assets/substances/root/Triazolam.json,present,missing,present,present,present,missing,missing,missing,missing,present,missing,missing,missing,missing,missing,missing,missing,missing,present,present,missing,present,localized,present,localized,,roas;toxicities;interactions;summary;saferUse
Triclofos,app/src/main/assets/substances/root/Triclofos.json,present,missing,missing,present,present,missing,missing,missing,missing,present,missing,missing,missing,missing,missing,missing,missing,missing,present,missing,missing,present,localized,present,localized,,roas;toxicities;interactions;summary;saferUse
Trifluoperazine,app/src/main/assets/substances/root/Trifluoperazine.json,present,missing,missing,present,present,missing,missing,missing,missing,present,missing,missing,missing,missing,missing,missing,missing,missing,present,missing,missing,present,localized,present,localized,,roas;toxicities;interactions;summary;saferUse
Trifluperidol,app/src/main/assets/substances/root/Trifluperidol.json,present,missing,missing,present,present,missing,missing,missing,missing,present,missing,missing,missing,missing,missing,missing,missing,missing,present,missing,missing,present,localized,present,localized,,roas;toxicities;interactions;summary;saferUse
Triflupromazine,app/src/main/assets/substances/root/Triflupromazine.json,present,missing,missing,present,present,missing,missing,missing,missing,present,missing,missing,missing,missing,missing,missing,missing,missing,present,missing,missing,present,localized,present,localized,,roas;toxicities;interactions;summary;saferUse
Trihexyphenidyl,app/src/main/assets/substances/root/Trihexyphenidyl.json,present,missing,present,present,present,present,present,present,present,present,present,present,present,present,present,present,present,present,missing,missing,missing,present,localized,present,localized,halfToleranceInHours;zeroToleranceInHours,metabolism
Trimethadione,app/src/main/assets/substances/root/Trimethadione.json,present,missing,missing,present,present,missing,missing,missing,missing,present,missing,missing,missing,missing,missing,missing,missing,missing,present,missing,missing,present,localized,present,localized,,roas;toxicities;interactions;summary;saferUse
Trimipramine,app/src/main/assets/substances/root/Trimipramine.json,present,missing,missing,present,present,missing,missing,missing,missing,present,missing,missing,missing,missing,missing,missing,missing,missing,present,present,missing,present,localized,present,localized,,roas;toxicities;interactions;summary;saferUse
Troparil,app/src/main/assets/substances/root/Troparil.json,present,missing,missing,present,present,missing,missing,missing,missing,present,missing,missing,missing,missing,missing,missing,missing,missing,present,missing,missing,present,missing,present,missing,,roas;toxicities;interactions;summary;saferUse
Tropatepine,app/src/main/assets/substances/root/Tropatepine.json,present,missing,missing,present,present,missing,missing,missing,missing,present,missing,missing,missing,missing,missing,missing,missing,missing,present,missing,missing,present,localized,present,localized,,roas;toxicities;interactions;summary;saferUse
Truffles,app/src/main/assets/substances/root/Truffles.json,present,missing,missing,present,present,missing,missing,missing,missing,present,missing,missing,missing,missing,missing,missing,missing,missing,missing,missing,missing,present,localized,present,localized,,roas;toxicities;interactions;summary;saferUse;metabolism
Tryptamine,app/src/main/assets/substances/root/Tryptamine.json,present,missing,present,present,present,missing,missing,missing,missing,missing,missing,missing,missing,missing,missing,missing,missing,missing,missing,missing,missing,present,localized,present,localized,,categories;roas;toxicities;interactions;summary;saferUse;metabolism
Tryptophan,app/src/main/assets/substances/root/Tryptophan.json,present,missing,missing,present,present,missing,missing,missing,missing,present,missing,missing,missing,missing,missing,missing,missing,missing,present,missing,missing,present,localized,present,localized,,roas;toxicities;interactions;summary;saferUse
Tuinal,app/src/main/assets/substances/root/Tuinal.json,present,missing,present,present,present,missing,missing,missing,missing,present,missing,missing,missing,missing,missing,missing,missing,missing,missing,missing,missing,missing,no-overlay,missing,no-overlay,,roas;toxicities;interactions;summary;saferUse;metabolism
Tyrosine,app/src/main/assets/substances/root/Tyrosine.json,present,missing,present,present,present,present,present,present,present,present,missing,missing,missing,missing,missing,missing,present,present,missing,missing,missing,present,localized,present,localized,halfToleranceInHours;zeroToleranceInHours,summary;saferUse;metabolism
U-47700,app/src/main/assets/substances/root/U-47700.json,present,missing,present,present,present,present,present,present,present,present,present,missing,missing,missing,missing,missing,present,present,missing,missing,missing,present,same-as-name,present,same-as-name,halfToleranceInHours;zeroToleranceInHours,saferUse;metabolism
U-49900,app/src/main/assets/substances/root/U-49900.json,present,missing,missing,present,present,missing,missing,missing,missing,present,missing,missing,missing,missing,missing,missing,missing,missing,present,missing,missing,present,missing,present,missing,,roas;toxicities;interactions;summary;saferUse
U-51754,app/src/main/assets/substances/root/U-51754.json,present,missing,present,present,present,missing,missing,missing,missing,present,missing,missing,missing,missing,missing,missing,missing,missing,present,missing,missing,present,missing,present,missing,,roas;toxicities;interactions;summary;saferUse
Valerian,app/src/main/assets/substances/root/Valerian.json,present,missing,missing,present,present,missing,missing,missing,missing,present,missing,missing,missing,missing,missing,missing,missing,missing,present,missing,missing,present,localized,present,localized,,roas;toxicities;interactions;summary;saferUse
Valerylfentanyl,app/src/main/assets/substances/root/Valerylfentanyl.json,present,missing,present,present,present,missing,missing,missing,missing,present,missing,missing,missing,missing,missing,missing,missing,missing,present,missing,missing,present,localized,present,localized,,roas;toxicities;interactions;summary;saferUse
Valnoctamide,app/src/main/assets/substances/root/Valnoctamide.json,present,missing,missing,present,present,missing,missing,missing,missing,present,missing,missing,missing,missing,missing,missing,missing,missing,present,missing,missing,present,localized,present,localized,,roas;toxicities;interactions;summary;saferUse
Valproic acid,app/src/main/assets/substances/root/Valproic acid.json,present,missing,missing,present,present,missing,missing,missing,missing,present,missing,missing,missing,missing,missing,missing,missing,missing,present,present,present,present,localized,present,localized,,roas;toxicities;interactions;summary;saferUse
Valpromide,app/src/main/assets/substances/root/Valpromide.json,present,missing,missing,present,present,missing,missing,missing,missing,present,missing,missing,missing,missing,missing,missing,missing,missing,present,missing,missing,present,localized,present,localized,,roas;toxicities;interactions;summary;saferUse
Varenicline,app/src/main/assets/substances/root/Varenicline.json,present,missing,missing,present,present,missing,missing,missing,missing,present,missing,missing,missing,missing,missing,missing,missing,missing,present,present,missing,present,localized,present,localized,,roas;toxicities;interactions;summary;saferUse
Venlafaxine,app/src/main/assets/substances/root/Venlafaxine.json,present,missing,missing,present,present,missing,missing,missing,missing,present,missing,missing,missing,missing,missing,missing,missing,missing,present,present,present,present,localized,present,localized,,roas;toxicities;interactions;summary;saferUse
Veralipride,app/src/main/assets/substances/root/Veralipride.json,present,missing,missing,present,present,missing,missing,missing,missing,present,missing,missing,missing,missing,missing,missing,missing,missing,present,missing,missing,present,localized,present,localized,,roas;toxicities;interactions;summary;saferUse
Vigabatrin,app/src/main/assets/substances/root/Vigabatrin.json,present,missing,missing,present,present,missing,missing,missing,missing,present,missing,missing,missing,missing,missing,missing,missing,missing,present,present,missing,present,localized,present,localized,,roas;toxicities;interactions;summary;saferUse
Vilazodone,app/src/main/assets/substances/root/Vilazodone.json,present,missing,missing,present,present,missing,missing,missing,missing,present,missing,missing,missing,missing,missing,missing,missing,missing,present,present,missing,present,localized,present,localized,,roas;toxicities;interactions;summary;saferUse
Viloxazine,app/src/main/assets/substances/root/Viloxazine.json,present,missing,missing,present,present,missing,missing,missing,missing,present,missing,missing,missing,missing,missing,missing,missing,missing,present,present,missing,present,localized,present,localized,,roas;toxicities;interactions;summary;saferUse
Vinbarbital,app/src/main/assets/substances/root/Vinbarbital.json,present,missing,missing,present,present,missing,missing,missing,missing,present,missing,missing,missing,missing,missing,missing,missing,missing,present,missing,missing,present,localized,present,localized,,roas;toxicities;interactions;summary;saferUse
Vinpocetine,app/src/main/assets/substances/root/Vinpocetine.json,present,missing,missing,present,present,missing,missing,missing,missing,present,missing,missing,missing,missing,missing,missing,missing,missing,present,missing,missing,present,localized,present,localized,,roas;toxicities;interactions;summary;saferUse
Vinylbital,app/src/main/assets/substances/root/Vinylbital.json,present,missing,missing,present,present,missing,missing,missing,missing,present,missing,missing,missing,missing,missing,missing,missing,missing,present,missing,missing,present,localized,present,localized,,roas;toxicities;interactions;summary;saferUse
Vortioxetine,app/src/main/assets/substances/root/Vortioxetine.json,present,missing,missing,present,present,missing,missing,missing,missing,present,missing,missing,missing,missing,missing,missing,missing,missing,present,present,missing,present,localized,present,localized,,roas;toxicities;interactions;summary;saferUse
W-15,app/src/main/assets/substances/root/W-15.json,present,missing,missing,present,present,missing,missing,missing,missing,present,missing,missing,missing,missing,missing,missing,missing,missing,missing,missing,missing,missing,no-overlay,missing,no-overlay,,roas;toxicities;interactions;summary;saferUse;metabolism
YERBA-MATE,app/src/main/assets/substances/root/YERBA-MATE.json,present,missing,missing,present,present,missing,missing,missing,missing,present,missing,missing,missing,missing,missing,missing,missing,missing,present,missing,missing,present,localized,present,localized,,roas;toxicities;interactions;summary;saferUse
Yohimbine,app/src/main/assets/substances/root/Yohimbine.json,present,missing,missing,present,present,missing,missing,missing,missing,missing,missing,missing,missing,missing,missing,missing,missing,missing,missing,missing,missing,present,localized,present,localized,,categories;roas;toxicities;interactions;summary;saferUse;metabolism
Zaleplon,app/src/main/assets/substances/root/Zaleplon.json,present,missing,present,present,present,missing,missing,missing,missing,present,missing,missing,missing,missing,missing,missing,missing,missing,present,present,missing,present,localized,present,localized,,roas;toxicities;interactions;summary;saferUse
Zimeldine,app/src/main/assets/substances/root/Zimeldine.json,present,missing,missing,present,present,missing,missing,missing,missing,present,missing,missing,missing,missing,missing,missing,missing,missing,present,missing,missing,present,localized,present,localized,,roas;toxicities;interactions;summary;saferUse
Ziprasidone,app/src/main/assets/substances/root/Ziprasidone.json,present,missing,missing,present,present,missing,missing,missing,missing,present,missing,missing,missing,missing,missing,missing,missing,missing,present,present,missing,present,localized,present,localized,,roas;toxicities;interactions;summary;saferUse
Zolazepam,app/src/main/assets/substances/root/Zolazepam.json,present,missing,missing,present,present,missing,missing,missing,missing,present,missing,missing,missing,missing,missing,missing,missing,missing,present,missing,missing,present,localized,present,localized,,roas;toxicities;interactions;summary;saferUse
Zolpidem,app/src/main/assets/substances/root/Zolpidem.json,present,missing,present,present,present,missing,empty,present,present,present,present,missing,missing,missing,missing,missing,missing,present,present,present,present,present,localized,present,localized,,interactions;saferUse
Zonisamide,app/src/main/assets/substances/root/Zonisamide.json,present,missing,missing,present,present,missing,missing,missing,missing,present,missing,missing,missing,missing,missing,missing,missing,missing,present,present,missing,present,localized,present,localized,,roas;toxicities;interactions;summary;saferUse
Zopiclone,app/src/main/assets/substances/root/Zopiclone.json,present,missing,present,present,present,present,present,present,present,present,present,missing,missing,missing,missing,missing,missing,present,missing,missing,missing,present,localized,present,localized,zeroToleranceInHours,interactions;saferUse;metabolism
Zotepine,app/src/main/assets/substances/root/Zotepine.json,present,missing,missing,present,present,missing,missing,missing,missing,present,missing,missing,missing,missing,missing,missing,missing,missing,present,missing,missing,present,localized,present,localized,,roas;toxicities;interactions;summary;saferUse
Zuclopenthixol,app/src/main/assets/substances/root/Zuclopenthixol.json,present,missing,missing,present,present,missing,missing,missing,missing,present,missing,missing,missing,missing,missing,missing,missing,missing,present,missing,missing,present,localized,present,localized,,roas;toxicities;interactions;summary;saferUse
Zuranolone,app/src/main/assets/substances/root/Zuranolone.json,present,missing,missing,present,present,missing,missing,missing,missing,present,missing,missing,missing,missing,missing,missing,missing,missing,present,present,missing,present,localized,present,localized,,roas;toxicities;interactions;summary;saferUse
α-PBP,app/src/main/assets/substances/root/α-PBP.json,present,missing,present,present,present,missing,missing,missing,missing,present,missing,missing,missing,missing,missing,missing,missing,missing,present,missing,missing,present,missing,present,missing,,roas;toxicities;interactions;summary;saferUse
α-PiHPP,app/src/main/assets/substances/root/α-PiHPP.json,present,missing,missing,present,present,missing,missing,missing,missing,present,missing,missing,missing,missing,missing,missing,missing,missing,missing,missing,missing,missing,no-overlay,missing,no-overlay,,roas;toxicities;interactions;summary;saferUse;metabolism
α-PVT,app/src/main/assets/substances/root/α-PVT.json,present,missing,present,present,present,missing,missing,missing,missing,present,missing,missing,missing,missing,missing,missing,missing,missing,present,missing,missing,present,missing,present,missing,,roas;toxicities;interactions;summary;saferUse
αET,app/src/main/assets/substances/root/αET.json,present,missing,present,present,present,missing,missing,missing,missing,present,missing,missing,missing,missing,missing,missing,missing,missing,present,missing,missing,present,missing,present,missing,,roas;toxicities;interactions;summary;saferUse
ΑMT,app/src/main/assets/substances/root/ΑMT.json,present,missing,present,present,present,present,present,present,present,present,missing,missing,missing,missing,missing,missing,present,present,missing,missing,missing,present,same-as-name,present,same-as-name,halfToleranceInHours;zeroToleranceInHours,summary;saferUse;metabolism
βH-2C-B,app/src/main/assets/substances/root/βH-2C-B.json,present,missing,present,present,present,missing,missing,missing,missing,present,missing,missing,missing,missing,missing,missing,missing,missing,missing,missing,missing,missing,no-overlay,missing,no-overlay,,roas;toxicities;interactions;summary;saferUse;metabolism
Βk-2C-B,app/src/main/assets/substances/root/Βk-2C-B.json,present,missing,present,present,present,present,present,present,present,present,missing,missing,missing,missing,missing,missing,missing,present,missing,missing,missing,present,same-as-name,present,same-as-name,halfToleranceInHours;zeroToleranceInHours,interactions;summary;saferUse;metabolism
βk-2C-I,app/src/main/assets/substances/root/βk-2C-I.json,present,missing,missing,present,present,missing,missing,missing,missing,present,missing,missing,missing,missing,missing,missing,missing,missing,present,missing,missing,present,missing,present,missing,,roas;toxicities;interactions;summary;saferUse
βk-IVP,app/src/main/assets/substances/root/βk-IVP.json,present,missing,missing,present,present,missing,missing,missing,missing,present,missing,missing,missing,missing,missing,missing,missing,missing,present,missing,missing,present,missing,present,missing,,roas;toxicities;interactions;summary;saferUse
Δ-10-Tetrahydrocannabinol,app/src/main/assets/substances/root/Δ-10-Tetrahydrocannabinol.json,present,missing,missing,present,present,missing,missing,missing,missing,missing,missing,missing,missing,missing,missing,missing,missing,missing,missing,missing,missing,present,localized,present,localized,,categories;roas;toxicities;interactions;summary;saferUse;metabolism
Δ-11-Tetrahydrocannabinol,app/src/main/assets/substances/root/Δ-11-Tetrahydrocannabinol.json,present,missing,missing,present,present,missing,missing,missing,missing,missing,missing,missing,missing,missing,missing,missing,missing,missing,missing,missing,missing,present,localized,present,localized,,categories;roas;toxicities;interactions;summary;saferUse;metabolism
Δ-8-Tetrahydrocannabinol,app/src/main/assets/substances/root/Δ-8-Tetrahydrocannabinol.json,present,missing,missing,present,present,missing,missing,missing,missing,missing,missing,missing,missing,missing,missing,missing,missing,missing,present,missing,missing,present,localized,present,localized,,categories;roas;toxicities;interactions;summary;saferUse
